dcmlLtt,dcmlLng,scientific_name,year_first,year_last
50.49069,4.24539,Heracleum mantegazzianum,2019,2019
50.49094,4.24532,Heracleum mantegazzianum,2019,2019
50.49243,4.24648,Impatiens glandulifera,2018,2018
50.493467,4.250693,Impatiens glandulifera,2020,2020
50.49381,4.24523,Impatiens glandulifera,2019,2019
50.49382,4.24526,Impatiens glandulifera,2018,2018
50.49392,4.23486,Hydrocotyle ranunculoides,2019,2019
50.49396,4.23436,Heracleum mantegazzianum,2019,2019
50.49401,4.23479,Hydrocotyle ranunculoides,2019,2019
50.49401,4.23479,Ludwigia grandiflora,2019,2019
50.49403,4.23448,Heracleum mantegazzianum,2019,2019
50.49591,4.26762,Heracleum mantegazzianum,2020,2020
50.49609,4.26746,Heracleum mantegazzianum,2019,2019
50.50061,4.23688,Myriophyllum aquaticum,2019,2019
50.5024,4.1816700000000004,Heracleum mantegazzianum,2011,2011
50.50431,4.22126,Impatiens glandulifera,2016,2016
50.5069,4.22268,Impatiens glandulifera,2016,2016
50.51719,4.27362,Heracleum mantegazzianum,2012,2012
50.51992,4.13796,Heracleum mantegazzianum,2011,2011
50.52233,4.21545,Impatiens glandulifera,2016,2016
50.52945,4.30625,Heracleum mantegazzianum,2014,2014
50.53137,4.30421,Heracleum mantegazzianum,2014,2014
50.53187,4.30419,Heracleum mantegazzianum,2013,2013
50.53211,4.30041,Heracleum mantegazzianum,2012,2012
50.53215,4.30054,Heracleum mantegazzianum,2012,2012
50.53217,4.30376,Heracleum mantegazzianum,2013,2013
50.53219,4.30007,Heracleum mantegazzianum,2012,2012
50.53258,4.30301,Impatiens glandulifera,2016,2016
50.53284,4.26156,Impatiens glandulifera,2015,2015
50.53307,4.30025,Heracleum mantegazzianum,2016,2016
50.53329,4.30067,Heracleum mantegazzianum,2010,2010
50.53341,4.30099,Heracleum mantegazzianum,2017,2017
50.5337,4.30128,Heracleum mantegazzianum,2017,2017
50.53376,4.30175,Heracleum mantegazzianum,2016,2016
50.53418,4.30118,Heracleum mantegazzianum,2014,2014
50.53422,4.30203,Heracleum mantegazzianum,2010,2010
50.53427,4.30181,Heracleum mantegazzianum,2017,2017
50.53495,4.305,Heracleum mantegazzianum,2013,2013
50.5358,4.30127,Heracleum mantegazzianum,2016,2016
50.53581,4.30135,Heracleum mantegazzianum,2010,2010
50.53584,4.30135,Heracleum mantegazzianum,2017,2017
50.53584,4.30175,Heracleum mantegazzianum,2016,2016
50.53587,4.16483,Impatiens glandulifera,2019,2019
50.53598,4.1836,Impatiens glandulifera,2015,2015
50.53599,4.30146,Heracleum mantegazzianum,2017,2017
50.53607,4.30082,Heracleum mantegazzianum,2016,2016
50.53609,4.3021,Heracleum mantegazzianum,2014,2014
50.53702,4.30318,Impatiens glandulifera,2021,2021
50.53813,4.30199,Heracleum mantegazzianum,2019,2019
50.53865,4.32375,Impatiens glandulifera,2015,2015
50.5392,4.30254,Heracleum mantegazzianum,2010,2010
50.54036,4.20218,Impatiens glandulifera,2015,2016
50.54064,4.27197,Impatiens glandulifera,2016,2016
50.54072,4.17846,Impatiens glandulifera,2001,2001
50.54104,4.30336,Heracleum mantegazzianum,2016,2016
50.54212,4.16545,Impatiens glandulifera,2018,2018
50.54302,4.18883,Impatiens glandulifera,2016,2016
50.54304,4.318,Impatiens glandulifera,2018,2018
50.54356,4.31355,Impatiens glandulifera,2018,2018
50.54359,4.53399,Heracleum mantegazzianum,2016,2016
50.54368,4.18821,Impatiens glandulifera,2018,2018
50.54379,4.31329,Heracleum mantegazzianum,2011,2011
50.544222,4.182442,Impatiens glandulifera,2018,2018
50.5446,4.1845,Impatiens glandulifera,2015,2015
50.54474,4.18527,Impatiens glandulifera,2020,2020
50.54493,4.53578,Heracleum mantegazzianum,2017,2017
50.54495,4.1637,Impatiens glandulifera,2015,2016
50.5452,4.1813,Impatiens glandulifera,2015,2015
50.54534,4.18103,Impatiens glandulifera,2016,2016
50.54546,4.18129,Impatiens glandulifera,2015,2015
50.54695,4.30966,Impatiens glandulifera,2015,2015
50.54796,4.30885,Impatiens glandulifera,2015,2015
50.54803,4.30855,Impatiens glandulifera,2016,2016
50.548525,4.28224,Impatiens glandulifera,2020,2020
50.54984,4.30542,Heracleum mantegazzianum,2001,2001
50.55068,4.30891,Heracleum mantegazzianum,2013,2013
50.55108,4.49399,Heracleum mantegazzianum,2011,2011
50.55224,4.29673,Impatiens glandulifera,2016,2016
50.55237,4.30222,Heracleum mantegazzianum,2016,2016
50.55281,4.28528,Impatiens glandulifera,2018,2018
50.55308,4.28552,Heracleum mantegazzianum,2013,2013
50.55321,4.30451,Impatiens glandulifera,2016,2016
50.55341,4.30808,Heracleum mantegazzianum,2012,2012
50.55355,4.30574,Heracleum mantegazzianum,2010,2010
50.55366,4.30577,Heracleum mantegazzianum,2016,2016
50.55368,4.30564,Heracleum mantegazzianum,2017,2017
50.55407,4.30869,Heracleum mantegazzianum,2010,2010
50.55418,4.49137,Heracleum mantegazzianum,2013,2013
50.55448,4.3113,Heracleum mantegazzianum,2011,2011
50.55477,4.28364,Hydrocotyle ranunculoides,2013,2013
50.55508,4.28374,Hydrocotyle ranunculoides,2016,2016
50.55557,4.31427,Heracleum mantegazzianum,2013,2013
50.55663,4.6034,Impatiens glandulifera,2009,2009
50.55816,4.54301,Heracleum mantegazzianum,2011,2011
50.55822,4.55581,Heracleum mantegazzianum,2010,2010
50.55832,4.08844,Impatiens glandulifera,2015,2015
50.55833,4.5486,Myriophyllum aquaticum,2019,2019
50.5585,4.08939,Impatiens glandulifera,2016,2016
50.55871,4.54329,Myriophyllum aquaticum,2011,2011
50.55872,4.1925,Faxonius limosus,2001,2010
50.55874,4.20662,Faxonius limosus,2010,2010
50.5592,4.54198,Heracleum mantegazzianum,2013,2013
50.55973,4.54908,Heracleum mantegazzianum,2013,2013
50.56005,4.4942,Heracleum mantegazzianum,2018,2018
50.56033,4.28377,Faxonius limosus,2015,2015
50.56033,4.28377,Hydrocotyle ranunculoides,2016,2016
50.56195,4.34693,Heracleum mantegazzianum,2010,2010
50.56313,4.28265,Hydrocotyle ranunculoides,2015,2015
50.56317,4.28293,Hydrocotyle ranunculoides,2015,2015
50.5632,4.2831,Hydrocotyle ranunculoides,2015,2015
50.5633,4.2826,Hydrocotyle ranunculoides,2015,2015
50.5653,4.2811,Impatiens glandulifera,2015,2015
50.56723,4.26661,Hydrocotyle ranunculoides,2016,2016
50.56725,3.99485,Impatiens glandulifera,2012,2012
50.56749,4.07955,Impatiens glandulifera,2012,2012
50.56751,4.26042,Faxonius limosus,2016,2016
50.56761,4.13601,Faxonius limosus,2016,2016
50.56761,4.13601,Procambarus clarkii,2010,2016
50.56764,4.15012,Faxonius limosus,2013,2013
50.56764,4.15012,Procambarus clarkii,2013,2016
50.56774,4.51713,Impatiens glandulifera,2008,2008
50.56779,4.26305,Faxonius limosus,2006,2006
50.5679,4.1755,Impatiens glandulifera,2015,2015
50.56801,4.50356,Heracleum mantegazzianum,2015,2015
50.5683,4.1763,Impatiens glandulifera,2015,2015
50.56974,4.65468,Myriophyllum aquaticum,2015,2015
50.5702,4.1768,Impatiens glandulifera,2015,2015
50.5702,4.1771,Impatiens glandulifera,2015,2015
50.5704,4.17776,Impatiens glandulifera,2020,2020
50.57066,4.25764,Hydrocotyle ranunculoides,2016,2016
50.57067,4.14447,Myriophyllum aquaticum,2016,2016
50.570965,4.264579,Impatiens glandulifera,2019,2019
50.57114,4.25448,Faxonius limosus,2020,2020
50.57217,4.56655,Impatiens glandulifera,2015,2015
50.57447,4.48535,Faxonius limosus,2018,2018
50.57558,4.25322,Hydrocotyle ranunculoides,2016,2016
50.57654,4.17865,Impatiens glandulifera,2019,2019
50.5766,4.07517,Heracleum mantegazzianum,2018,2018
50.5766,4.13596,Faxonius limosus,2016,2016
50.5766,4.13596,Procambarus clarkii,2016,2016
50.57669,4.07595,Heracleum mantegazzianum,2010,2010
50.5767,4.54539,Heracleum mantegazzianum,2008,2008
50.57683,4.39009,Impatiens glandulifera,2020,2020
50.57689,4.0755,Heracleum mantegazzianum,2010,2010
50.5769,4.1823,Impatiens glandulifera,2015,2015
50.5769,4.1824,Impatiens glandulifera,2015,2015
50.57696,4.07596,Heracleum mantegazzianum,2010,2010
50.57698,4.07615,Heracleum mantegazzianum,2016,2016
50.57698,4.0763,Heracleum mantegazzianum,2010,2010
50.57699,4.07615,Heracleum mantegazzianum,2017,2017
50.577,4.1793,Impatiens glandulifera,2015,2015
50.57708,4.07608,Heracleum mantegazzianum,2015,2015
50.57779,4.33209,Heracleum mantegazzianum,2015,2015
50.57813,4.06783,Impatiens glandulifera,2011,2011
50.57904,4.53307,Heracleum mantegazzianum,2012,2012
50.57934,4.53371,Elodea nuttallii,2017,2017
50.57953,4.0059,Myriophyllum aquaticum,2016,2016
50.58,4.543056,Impatiens glandulifera,2019,2019
50.58096,4.52865,Hydrocotyle ranunculoides,2016,2016
50.581,4.01818,Myriophyllum aquaticum,2016,2016
50.58103,4.01816,Myriophyllum aquaticum,2016,2016
50.5813,4.01629,Myriophyllum aquaticum,2016,2016
50.58131,4.01631,Myriophyllum aquaticum,2016,2016
50.58261,4.529,Heracleum mantegazzianum,2012,2012
50.58283,4.08603,Ludwigia grandiflora,2019,2019
50.58286,4.08599,Ludwigia grandiflora,2019,2019
50.58286,4.08606,Ludwigia grandiflora,2019,2019
50.58333,4.08645,Procambarus clarkii,2019,2019
50.5834,4.1902,Impatiens glandulifera,2015,2015
50.58524,4.11459,Impatiens glandulifera,2018,2018
50.58547,4.07944,Procambarus clarkii,2016,2016
50.58553,4.10768,Procambarus clarkii,2016,2016
50.58556,4.1218,Procambarus clarkii,2011,2011
50.58578,4.09142,Impatiens glandulifera,2017,2020
50.58733,4.19388,Impatiens glandulifera,2005,2005
50.58784,4.19407,Impatiens glandulifera,2021,2021
50.58814,4.06816,Heracleum mantegazzianum,2010,2010
50.588523,4.298617,Impatiens glandulifera,2021,2021
50.58878,4.19559,Impatiens glandulifera,2018,2018
50.58916,4.21951,Faxonius limosus,2019,2019
50.59017,4.08153,Ludwigia grandiflora,2019,2019
50.59023,4.08323,Ludwigia grandiflora,2016,2016
50.59024,4.08392,Ludwigia grandiflora,2016,2016
50.59045,4.08507,Ludwigia peploides,2021,2021
50.59048,4.08498,Ludwigia grandiflora,2017,2017
50.59057,4.08405,Ludwigia grandiflora,2021,2021
50.59066,4.08387,Ludwigia grandiflora,2017,2017
50.59092,4.08477,Ludwigia grandiflora,2014,2014
50.59191,4.5284,Elodea nuttallii,2017,2017
50.59232,4.06624,Heracleum mantegazzianum,2015,2015
50.59238,4.06652,Heracleum mantegazzianum,2016,2016
50.59244,4.06661,Heracleum mantegazzianum,2010,2010
50.59309,4.2003,Impatiens glandulifera,2020,2020
50.59453,4.06438,Heracleum mantegazzianum,2015,2015
50.59468,4.54546,Impatiens glandulifera,2010,2010
50.5947,4.53134,Impatiens glandulifera,2010,2010
50.59473,4.50309,Impatiens glandulifera,2011,2011
50.59475,4.24887,Faxonius limosus,2007,2009
50.59475,4.48897,Impatiens glandulifera,2011,2011
50.59475,4.48897,Pacifastacus leniusculus,2002,2002
50.59539,4.0646,Heracleum mantegazzianum,2010,2010
50.59539,4.0646,Impatiens glandulifera,2010,2010
50.59608,4.53378,Impatiens glandulifera,2021,2021
50.59638,4.24435,Impatiens glandulifera,2021,2021
50.59657,4.27633,Impatiens glandulifera,2012,2012
50.59661,4.18343,Heracleum mantegazzianum,2010,2010
50.596888,4.442422,Heracleum mantegazzianum,2018,2018
50.59697,4.44238,Heracleum mantegazzianum,2020,2020
50.59702,4.05458,Procambarus clarkii,2015,2015
50.597122,4.369089,Impatiens glandulifera,2020,2020
50.59714,4.53407,Heracleum mantegazzianum,2020,2020
50.59733,4.243,Faxonius limosus,2017,2017
50.597410000000004,4.53377,Impatiens glandulifera,2010,2010
50.597526,4.191465,Impatiens glandulifera,2020,2020
50.59764,4.28021,Impatiens glandulifera,2011,2011
50.59786,4.3673400000000004,Impatiens glandulifera,2015,2015
50.59855,4.53515,Impatiens glandulifera,2017,2017
50.5993,4.24999,Impatiens glandulifera,2011,2011
50.59933,4.25022,Impatiens glandulifera,2019,2019
50.59949,4.29136,Impatiens glandulifera,2018,2018
50.59964,4.30937,Heracleum mantegazzianum,2010,2010
50.59979,4.22904,Impatiens glandulifera,2018,2018
50.59979,4.29248,Impatiens glandulifera,2018,2018
50.60017,4.29925,Impatiens glandulifera,2018,2018
50.6002,4.3013,Impatiens glandulifera,2015,2015
50.6002,4.30164,Impatiens glandulifera,2018,2018
50.60036,4.2951,Impatiens glandulifera,2018,2018
50.60063,4.25195,Impatiens glandulifera,2017,2017
50.60083,4.53588,Faxonius limosus,2018,2018
50.60107,4.0698,Impatiens glandulifera,2016,2016
50.6025,4.2293,Impatiens glandulifera,2015,2015
50.60256,4.53346,Heracleum mantegazzianum,2013,2013
50.60288,4.07506,Impatiens glandulifera,2015,2015
50.60293,4.22933,Impatiens glandulifera,2015,2015
50.60332,4.70088,Impatiens glandulifera,2008,2008
50.60364,4.52169,Impatiens glandulifera,2009,2009
50.6037,4.2288,Impatiens glandulifera,2015,2015
50.60371,4.51724,Impatiens glandulifera,2009,2009
50.60373,4.23472,Impatiens glandulifera,2014,2014
50.60423,4.07894,Impatiens glandulifera,2018,2018
50.6046,4.2286,Impatiens glandulifera,2015,2015
50.60503,4.52671,Impatiens glandulifera,2013,2013
50.60536,4.2606,Impatiens glandulifera,2011,2011
50.60541,4.22821,Impatiens glandulifera,2019,2019
50.60548,4.44478,Heracleum mantegazzianum,2020,2020
50.6059,4.2255,Impatiens glandulifera,2015,2015
50.60601,4.26194,Impatiens glandulifera,2016,2016
50.60634,4.15084,Ludwigia grandiflora,2020,2020
50.60651,4.15113,Ludwigia grandiflora,2020,2020
50.60712,4.22074,Heracleum mantegazzianum,2016,2016
50.60718,4.21873,Impatiens glandulifera,2005,2005
50.60725,4.22081,Heracleum mantegazzianum,2010,2010
50.607292,4.495855,Impatiens glandulifera,2018,2018
50.60737,4.22078,Heracleum mantegazzianum,2017,2017
50.607479,4.495918,Impatiens glandulifera,2018,2018
50.60841,4.35654,Impatiens glandulifera,2011,2011
50.6088,4.04423,Procambarus clarkii,2015,2015
50.609866,4.49668,Impatiens glandulifera,2018,2018
50.61001,4.35912,Heracleum mantegazzianum,2010,2010
50.61018,4.4938,Impatiens glandulifera,2018,2018
50.61026,4.49706,Impatiens glandulifera,2018,2018
50.61038,4.4973,Impatiens glandulifera,2018,2018
50.610626,4.223439,Impatiens glandulifera,2018,2018
50.61138,4.0436,Impatiens glandulifera,2019,2019
50.61178,4.4935600000000004,Impatiens glandulifera,2008,2008
50.61224,4.45211,Heracleum mantegazzianum,2012,2012
50.61236,4.05102,Impatiens glandulifera,2012,2012
50.6127,4.22056,Impatiens glandulifera,2014,2014
50.61314,4.50519,Impatiens glandulifera,2018,2018
50.61342,4.22294,Impatiens glandulifera,2018,2018
50.61383,4.21656,Impatiens glandulifera,2018,2018
50.61392,4.21905,Impatiens glandulifera,2015,2015
50.61397,4.50718,Impatiens glandulifera,2020,2020
50.614,4.22357,Impatiens glandulifera,2005,2005
50.61425,4.22393,Impatiens glandulifera,2005,2005
50.61452,4.69429,Heracleum mantegazzianum,2012,2012
50.61471,4.50443,Heracleum mantegazzianum,2010,2010
50.61507,4.11419,Impatiens glandulifera,2015,2016
50.6151,4.11596,Impatiens glandulifera,2016,2016
50.61512,4.71987,Heracleum mantegazzianum,2015,2015
50.61533,4.11769,Impatiens glandulifera,2015,2015
50.61543,4.14659,Impatiens glandulifera,2018,2018
50.61549,4.11115,Impatiens glandulifera,2018,2018
50.61641,4.55341,Heracleum mantegazzianum,2010,2010
50.61736,4.2137,Heracleum mantegazzianum,2010,2010
50.61789,4.22839,Impatiens glandulifera,2015,2015
50.61792,4.513917,Impatiens glandulifera,2019,2019
50.618008,4.510661,Impatiens glandulifera,2016,2016
50.6185,4.517949,Impatiens glandulifera,2019,2019
50.61897,4.15676,Impatiens glandulifera,2018,2018
50.61926,4.04592,Impatiens glandulifera,2013,2013
50.61926,4.15903,Impatiens glandulifera,2015,2015
50.61928,4.02447,Impatiens glandulifera,2019,2019
50.61944,4.51589,Heracleum mantegazzianum,2017,2017
50.61989,4.10092,Impatiens glandulifera,2018,2018
50.62039,4.43264,Heracleum mantegazzianum,2010,2010
50.62089,4.69895,Heracleum mantegazzianum,2013,2013
50.62165,4.54556,Impatiens glandulifera,2018,2018
50.62167,4.53143,Impatiens glandulifera,2001,2001
50.62185,4.57244,Heracleum mantegazzianum,2009,2009
50.62235,4.01361,Impatiens glandulifera,2016,2016
50.62297,4.00882,Impatiens glandulifera,2015,2015
50.62302,4.52793,Impatiens glandulifera,2010,2010
50.62389,4.52908,Impatiens glandulifera,2012,2012
50.62394,4.61342,Heracleum mantegazzianum,2015,2015
50.62462,4.22856,Impatiens glandulifera,2018,2018
50.62493,4.56301,Heracleum mantegazzianum,2013,2013
50.62535,4.6316,Impatiens glandulifera,2010,2010
50.62587,4.48416,Impatiens glandulifera,2018,2018
50.62681,4.22185,Impatiens glandulifera,2018,2018
50.62792,4.5573,Impatiens glandulifera,2015,2015
50.62848,4.55891,Impatiens glandulifera,2015,2015
50.62938,4.22931,Impatiens glandulifera,2013,2013
50.62944,4.05643,Impatiens glandulifera,2016,2016
50.62976,4.56001,Impatiens glandulifera,2015,2015
50.62995,4.46884,Impatiens glandulifera,2021,2021
50.63034,4.05089,Impatiens glandulifera,2012,2012
50.63049,4.47,Heracleum mantegazzianum,2010,2010
50.63068,4.22051,Impatiens glandulifera,2008,2011
50.6307,4.23464,Impatiens glandulifera,2011,2011
50.63071,4.48906,Impatiens glandulifera,2010,2010
50.63072,4.47493,Impatiens glandulifera,2006,2010
50.63073,4.46079,Impatiens glandulifera,2006,2006
50.63074,4.44666,Impatiens glandulifera,2006,2006
50.63082,4.47651,Impatiens glandulifera,2018,2018
50.631,4.05803,Impatiens glandulifera,2015,2015
50.631100000000004,4.67143,Heracleum mantegazzianum,2015,2015
50.63115,4.474706,Impatiens glandulifera,2020,2020
50.63119,4.20831,Impatiens glandulifera,2017,2017
50.63141,4.57271,Heracleum mantegazzianum,2020,2020
50.63142,4.57271,Heracleum mantegazzianum,2020,2020
50.63178,4.47723,Impatiens glandulifera,2018,2018
50.63192,4.13397,Heracleum mantegazzianum,2011,2011
50.63233,4.48438,Impatiens glandulifera,2021,2021
50.63243,4.47973,Impatiens glandulifera,2018,2018
50.63276,4.48307,Impatiens glandulifera,2018,2018
50.6331,4.4824,Faxonius limosus,2020,2020
50.63399,4.49062,Impatiens glandulifera,2021,2021
50.6342,4.61919,Impatiens glandulifera,2019,2019
50.63481,4.2375,Heracleum mantegazzianum,2010,2010
50.63486,4.00047,Heracleum mantegazzianum,2010,2010
50.63487,4.21257,Impatiens glandulifera,2018,2018
50.63606,4.48143,Impatiens glandulifera,2004,2004
50.63625,4.23146,Impatiens glandulifera,2015,2015
50.63627,4.23223,Impatiens glandulifera,2018,2018
50.63635,4.65793,Heracleum mantegazzianum,2015,2015
50.63668,4.56704,Impatiens glandulifera,2012,2012
50.63669,4.56724,Pacifastacus leniusculus,2015,2015
50.63681,4.5672,Pacifastacus leniusculus,2020,2020
50.63709,4.21249,Impatiens glandulifera,2018,2018
50.63719,4.48216,Impatiens glandulifera,2004,2004
50.63763,4.56772,Pacifastacus leniusculus,2018,2018
50.637799,4.503708,Impatiens glandulifera,2019,2019
50.63791,4.54718,Impatiens glandulifera,2018,2018
50.63793,4.503936,Impatiens glandulifera,2020,2020
50.63806,4.50305,Impatiens glandulifera,2011,2011
50.63819,4.21661,Impatiens glandulifera,2015,2015
50.63826,4.56772,Impatiens glandulifera,2012,2012
50.63827,4.50426,Impatiens glandulifera,2013,2013
50.63833,4.51096,Impatiens glandulifera,2021,2021
50.638332,4.511111,Impatiens glandulifera,2018,2018
50.63837,4.50407,Impatiens glandulifera,2016,2016
50.63839,4.50389,Impatiens glandulifera,2018,2018
50.63844,4.51057,Heracleum mantegazzianum,2010,2010
50.63848,4.51652,Impatiens glandulifera,2021,2021
50.63853,4.51656,Impatiens glandulifera,2021,2021
50.63854,4.51094,Impatiens glandulifera,2020,2020
50.638611,4.510833,Impatiens glandulifera,2020,2020
50.638713,4.510889,Impatiens glandulifera,2020,2020
50.6392,4.72941,Impatiens glandulifera,2011,2011
50.63926,4.54908,Impatiens glandulifera,2012,2012
50.63927,4.17114,Impatiens glandulifera,2018,2018
50.63941,4.07911,Impatiens glandulifera,2012,2012
50.63944,4.52353,Faxonius limosus,2018,2018
50.639444,4.520556,Impatiens glandulifera,2020,2020
50.6395,4.52288,Faxonius limosus,2018,2018
50.63953,4.50495,Impatiens glandulifera,2008,2008
50.63958,4.57391,Pacifastacus leniusculus,2011,2011
50.63963,4.1922,Impatiens glandulifera,2012,2012
50.63963,4.54563,Impatiens glandulifera,2001,2001
50.63965,4.20634,Impatiens glandulifera,2012,2012
50.63967,4.22048,Impatiens glandulifera,2011,2011
50.63968,4.50322,Impatiens glandulifera,2010,2010
50.63969,4.23462,Impatiens glandulifera,2008,2008
50.6397,4.48908,Impatiens glandulifera,2010,2010
50.63971,4.26289,Impatiens glandulifera,2007,2007
50.63971,4.47495,Heracleum mantegazzianum,2006,2006
50.63971,4.47495,Impatiens glandulifera,2006,2006
50.63996,4.5281,Hydrocotyle ranunculoides,2019,2019
50.64074,4.16668,Impatiens glandulifera,2018,2018
50.641335,4.555806,Impatiens glandulifera,2018,2018
50.641346,4.555844,Impatiens glandulifera,2019,2019
50.64135,4.59286,Pacifastacus leniusculus,2017,2017
50.64209,4.6221,Impatiens glandulifera,2003,2003
50.64225,4.00868,Impatiens glandulifera,2015,2015
50.64233,4.18459,Impatiens glandulifera,2017,2017
50.64238,4.18458,Impatiens glandulifera,2015,2015
50.64305,4.23587,Impatiens glandulifera,2016,2016
50.64337,4.18427,Impatiens glandulifera,2017,2017
50.6435,4.18414,Impatiens glandulifera,2015,2015
50.64351,4.1682,Impatiens glandulifera,2017,2017
50.64356,4.56043,Impatiens glandulifera,2020,2020
50.64361,4.52707,Impatiens glandulifera,2014,2014
50.64374,4.20289,Heracleum mantegazzianum,2014,2014
50.64385,4.52984,Heracleum mantegazzianum,2011,2011
50.64414,4.30919,Impatiens glandulifera,2017,2017
50.64443,4.30921,Impatiens glandulifera,2015,2015
50.64445,4.22847,Impatiens glandulifera,2016,2016
50.64477,4.5624,Impatiens glandulifera,2020,2020
50.64499,4.67726,Heracleum mantegazzianum,2018,2018
50.64512,4.72418,Heracleum mantegazzianum,2015,2015
50.64543,4.72372,Heracleum mantegazzianum,2012,2012
50.64549,4.23212,Faxonius limosus,2016,2016
50.64549,4.23212,Impatiens glandulifera,2016,2016
50.6455,4.23177,Impatiens glandulifera,2020,2020
50.64566,4.56844,Pacifastacus leniusculus,2018,2018
50.6458,4.30578,Impatiens glandulifera,2017,2017
50.64582,4.18191,Heracleum mantegazzianum,2017,2017
50.64583,4.18191,Heracleum mantegazzianum,2017,2017
50.64587,4.37654,Heracleum mantegazzianum,2020,2020
50.64659,4.37784,Heracleum mantegazzianum,2012,2012
50.64669,4.37528,Heracleum mantegazzianum,2019,2019
50.64679,4.17272,Impatiens glandulifera,2017,2017
50.64696,4.5157,Heracleum mantegazzianum,2017,2017
50.64697,4.3741,Heracleum mantegazzianum,2016,2016
50.64701,4.51623,Heracleum mantegazzianum,2010,2010
50.64704,4.37406,Heracleum mantegazzianum,2017,2017
50.64732,4.17345,Impatiens glandulifera,2015,2015
50.64785,4.23548,Impatiens glandulifera,2018,2018
50.64799,4.36706,Heracleum mantegazzianum,2013,2013
50.648,4.2354,Impatiens glandulifera,2019,2019
50.64805,4.51205,Heracleum mantegazzianum,2007,2007
50.64809,4.37371,Heracleum mantegazzianum,2017,2017
50.64811,3.98008,Heracleum mantegazzianum,2009,2009
50.64833,4.56505,Pacifastacus leniusculus,2018,2018
50.64836,4.62617,Heracleum mantegazzianum,2018,2018
50.6484,4.07905,Impatiens glandulifera,2012,2012
50.64854,4.30458,Impatiens glandulifera,2018,2018
50.64855,4.14975,Heracleum mantegazzianum,2013,2013
50.64869,4.24873,Impatiens glandulifera,2008,2008
50.6487,4.26287,Impatiens glandulifera,2007,2007
50.64906,4.23461,Faxonius limosus,2016,2016
50.64931,4.27351,Impatiens glandulifera,2017,2017
50.64956,4.23434,Faxonius limosus,2017,2017
50.64961,4.30195,Impatiens glandulifera,2016,2016
50.64972,4.30312,Impatiens glandulifera,2018,2018
50.64989,4.23446,Faxonius limosus,2018,2018
50.65035,4.53959,Heracleum mantegazzianum,2014,2014
50.65062,4.30011,Impatiens glandulifera,2017,2017
50.65121,4.178,Heracleum mantegazzianum,2010,2010
50.65131,4.27763,Impatiens glandulifera,2019,2019
50.65156,4.09744,Impatiens glandulifera,2018,2018
50.6517,4.56635,Pacifastacus leniusculus,2019,2019
50.65291,4.28261,Impatiens glandulifera,2018,2018
50.65295,4.14071,Heracleum mantegazzianum,2017,2017
50.65297,4.18225,Impatiens glandulifera,2016,2016
50.65298,4.18166,Impatiens glandulifera,2017,2017
50.6531,4.14082,Heracleum mantegazzianum,2021,2021
50.65316,4.14084,Heracleum mantegazzianum,2020,2020
50.65316,4.14085,Heracleum mantegazzianum,2020,2020
50.65321,4.2564,Heracleum mantegazzianum,2010,2010
50.65331,4.3004,Heracleum mantegazzianum,2020,2020
50.65337,4.30064,Heracleum mantegazzianum,2019,2019
50.65341,4.29983,Heracleum mantegazzianum,2020,2020
50.65372,4.19399,Impatiens glandulifera,2019,2019
50.65387,4.49467,Heracleum mantegazzianum,2009,2009
50.65395,4.49463,Heracleum mantegazzianum,2007,2007
50.65435,4.14117,Heracleum mantegazzianum,2015,2015
50.65441,4.56629,Impatiens glandulifera,2020,2020
50.65449,4.10117,Impatiens glandulifera,2015,2015
50.65482,4.23495,Heracleum mantegazzianum,2016,2016
50.65489,4.23461,Heracleum mantegazzianum,2017,2017
50.65496,4.23544,Heracleum mantegazzianum,2017,2017
50.65501,4.4307,Hydrocotyle ranunculoides,2010,2010
50.65512,4.23711,Heracleum mantegazzianum,2010,2010
50.65557,4.23313,Impatiens glandulifera,2019,2019
50.65604,4.24067,Heracleum mantegazzianum,2010,2010
50.65614,4.24028,Heracleum mantegazzianum,2016,2016
50.65615,4.24031,Heracleum mantegazzianum,2017,2017
50.65628,4.24115,Heracleum mantegazzianum,2010,2010
50.65643,4.24136,Impatiens glandulifera,2016,2016
50.65672,4.24117,Heracleum mantegazzianum,2016,2016
50.65712,4.18267,Impatiens glandulifera,2016,2016
50.65751,4.13557,Impatiens glandulifera,2012,2012
50.65754,4.14971,Heracleum mantegazzianum,2013,2013
50.65768,4.24871,Heracleum mantegazzianum,2005,2005
50.65768,4.24871,Impatiens glandulifera,2005,2005
50.65768,4.48913,Impatiens glandulifera,2004,2004
50.65769,4.47499,Heracleum mantegazzianum,2005,2005
50.65769,4.47499,Impatiens glandulifera,2005,2005
50.65772,4.29113,Impatiens glandulifera,2001,2001
50.65784,4.24038,Heracleum mantegazzianum,2010,2010
50.65784,4.24055,Heracleum mantegazzianum,2017,2017
50.6582,4.18133,Impatiens glandulifera,2017,2017
50.65822,4.58821,Impatiens glandulifera,2010,2010
50.65832,4.18213,Impatiens glandulifera,2016,2016
50.65835,4.58355,Heracleum mantegazzianum,2010,2010
50.65868,4.55923,Hydrocotyle ranunculoides,2010,2010
50.65878,4.14511,Impatiens glandulifera,2018,2018
50.6589,4.1395,Impatiens glandulifera,2018,2018
50.65894,4.58422,Impatiens glandulifera,2013,2013
50.65925,4.57888,Heracleum mantegazzianum,2012,2012
50.65937,4.43154,Heracleum mantegazzianum,2010,2010
50.65938,4.36408,Heracleum mantegazzianum,2015,2015
50.65955,4.35934,Heracleum mantegazzianum,2012,2012
50.65986,4.33168,Heracleum mantegazzianum,2015,2015
50.6599,4.22052,Impatiens glandulifera,2020,2020
50.65993,4.33788,Heracleum mantegazzianum,2012,2012
50.65996,4.32475,Heracleum mantegazzianum,2010,2010
50.66014,4.67716,Heracleum mantegazzianum,2014,2014
50.66074,4.47335,Heracleum mantegazzianum,2010,2010
50.66141,4.37693,Heracleum mantegazzianum,2015,2015
50.66142,4.30733,Heracleum mantegazzianum,2011,2011
50.66143,4.18179,Impatiens glandulifera,2015,2015
50.66181,4.43452,Heracleum mantegazzianum,2012,2012
50.66274,4.18356,Impatiens glandulifera,2018,2018
50.66283,4.1879,Myriophyllum aquaticum,2015,2015
50.66309,4.22033,Impatiens glandulifera,2020,2020
50.66309,4.47392,Heracleum mantegazzianum,2010,2010
50.66318,4.64594,Heracleum mantegazzianum,2017,2017
50.66341,4.38109,Heracleum mantegazzianum,2011,2011
50.66366,4.22068,Impatiens glandulifera,2018,2018
50.66376,4.47388,Heracleum mantegazzianum,2015,2015
50.664067,4.190306,Impatiens glandulifera,2019,2019
50.66427,4.47843,Heracleum mantegazzianum,2015,2015
50.6645,4.66873,Heracleum mantegazzianum,2012,2012
50.66459,4.1857,Impatiens glandulifera,2015,2015
50.66474,4.13002,Impatiens glandulifera,2020,2020
50.66475,4.47166,Faxonius limosus,2018,2018
50.66481,4.66765,Heracleum mantegazzianum,2013,2013
50.66486,4.47135,Pacifastacus leniusculus,2016,2016
50.66547,4.12692,Impatiens glandulifera,2020,2020
50.66558,4.18633,Impatiens glandulifera,2018,2018
50.6658,4.18758,Impatiens glandulifera,2017,2017
50.665835,4.140492,Impatiens glandulifera,2019,2019
50.66584,4.45741,Pacifastacus leniusculus,2018,2018
50.66586,4.18771,Impatiens glandulifera,2018,2018
50.66597,4.34116,Myriophyllum aquaticum,2013,2013
50.66637,4.45909,Faxonius limosus,2019,2019
50.66637,4.45909,Pacifastacus leniusculus,2019,2019
50.66647,4.12138,Impatiens glandulifera,2013,2013
50.6665,4.13552,Impatiens glandulifera,2012,2012
50.6665,4.60231,Faxonius limosus,2009,2009
50.6665,4.60231,Procambarus clarkii,2009,2009
50.66653,4.18918,Impatiens glandulifera,2017,2020
50.66661,4.57097,Impatiens glandulifera,2018,2018
50.66667,4.24868,Impatiens glandulifera,2005,2005
50.66667,4.48915,Impatiens glandulifera,2005,2005
50.66669,4.46086,Impatiens glandulifera,2002,2002
50.6667,4.44672,Heracleum mantegazzianum,2002,2002
50.66671,4.43257,Heracleum mantegazzianum,2002,2002
50.66678,4.18883,Impatiens glandulifera,2020,2020
50.66693,4.46771,Pacifastacus leniusculus,2018,2018
50.66709,4.60634,Procambarus clarkii,2019,2019
50.668,4.71067,Impatiens glandulifera,2010,2010
50.66801,4.22294,Heracleum mantegazzianum,2019,2019
50.6681,4.46147,Heracleum mantegazzianum,2011,2011
50.66845,4.03685,Impatiens glandulifera,2016,2016
50.668525,4.150662,Heracleum mantegazzianum,2020,2020
50.66921,4.48461,Heracleum mantegazzianum,2015,2015
50.66946,4.19215,Impatiens glandulifera,2021,2021
50.669487,4.248427,Impatiens glandulifera,2019,2019
50.66955,4.24851,Impatiens glandulifera,2012,2012
50.66973,4.57045,Pacifastacus leniusculus,2018,2018
50.66986,4.15719,Impatiens glandulifera,2018,2018
50.670227,4.15755,Impatiens glandulifera,2020,2020
50.67031,4.15766,Impatiens glandulifera,2021,2021
50.67043,4.31581,Heracleum mantegazzianum,2019,2019
50.67071,4.16685,Impatiens glandulifera,2002,2002
50.67085,4.16006,Impatiens glandulifera,2020,2020
50.6709,4.16024,Impatiens glandulifera,2020,2020
50.67097,4.31606,Impatiens glandulifera,2019,2019
50.671022,4.677042,Impatiens glandulifera,2020,2020
50.67112,4.1685,Impatiens glandulifera,2018,2018
50.67118,4.25878,Heracleum mantegazzianum,2020,2020
50.67129,4.16014,Impatiens glandulifera,2019,2019
50.67137,4.26001,Heracleum mantegazzianum,2018,2018
50.67143,4.57136,Heracleum mantegazzianum,2018,2018
50.67172,4.24577,Impatiens glandulifera,2015,2015
50.67173,4.0336,Impatiens glandulifera,2020,2020
50.671828,4.677711,Impatiens glandulifera,2020,2020
50.67191,4.03444,Impatiens glandulifera,2012,2012
50.67248,4.19433,Impatiens glandulifera,2016,2016
50.67273,4.19469,Impatiens glandulifera,2016,2016
50.67303,4.03779,Impatiens glandulifera,2020,2020
50.673111,4.244254,Impatiens glandulifera,2019,2019
50.67416,4.36464,Impatiens glandulifera,2015,2015
50.67463,4.17393,Impatiens glandulifera,2015,2015
50.67477,4.36653,Impatiens glandulifera,2010,2011
50.67478,4.58752,Pacifastacus leniusculus,2014,2014
50.67479,4.36561,Impatiens glandulifera,2010,2010
50.6748,4.59269,Pacifastacus leniusculus,2015,2015
50.67492,4.58844,Pacifastacus leniusculus,2012,2012
50.67492,4.58852,Pacifastacus leniusculus,2015,2015
50.67494,4.58754,Pacifastacus leniusculus,2014,2014
50.675,4.0875,Heracleum mantegazzianum,2020,2020
50.67503,4.58787,Pacifastacus leniusculus,2017,2017
50.67505,4.58783,Pacifastacus leniusculus,2017,2017
50.67505,4.59384,Pacifastacus leniusculus,2016,2016
50.67506,4.58787,Pacifastacus leniusculus,2017,2017
50.67508,4.58784,Pacifastacus leniusculus,2017,2017
50.67515,4.59032,Pacifastacus leniusculus,2018,2018
50.67517,4.00815,Impatiens glandulifera,2012,2012
50.67529,4.05059,Impatiens glandulifera,2012,2012
50.67546,4.4761,Heracleum mantegazzianum,2010,2010
50.6755,4.59234,Pacifastacus leniusculus,2017,2017
50.67551,4.58821,Impatiens glandulifera,2005,2005
50.67551,4.58821,Pacifastacus leniusculus,2011,2012
50.67551,4.59214,Pacifastacus leniusculus,2017,2017
50.67554,4.16377,Impatiens glandulifera,2012,2012
50.67563,4.59319,Pacifastacus leniusculus,2013,2013
50.67565,4.23451,Impatiens glandulifera,2005,2005
50.67566,4.48918,Heracleum mantegazzianum,2004,2004
50.67566,4.48918,Impatiens glandulifera,2004,2004
50.67566,4.59309,Pacifastacus leniusculus,2013,2013
50.67567,4.47503,Impatiens glandulifera,2002,2002
50.67568,4.46088,Heracleum mantegazzianum,2001,2001
50.67569,4.44673,Impatiens glandulifera,2001,2001
50.67582,4.680152,Impatiens glandulifera,2019,2019
50.67587,4.59292,Pacifastacus leniusculus,2015,2015
50.67591,4.59286,Pacifastacus leniusculus,2012,2012
50.675986,4.683467,Impatiens glandulifera,2019,2019
50.676,4.48377,Heracleum mantegazzianum,2010,2010
50.676038,4.682489,Impatiens glandulifera,2019,2019
50.676042,4.68297,Impatiens glandulifera,2020,2020
50.67606,4.68353,Impatiens glandulifera,2020,2020
50.67636,4.68241,Impatiens glandulifera,2005,2005
50.6765,4.2867,Heracleum mantegazzianum,2020,2020
50.67671,4.17826,Impatiens glandulifera,2019,2019
50.67673,4.17581,Impatiens glandulifera,2018,2018
50.67675,4.28686,Heracleum mantegazzianum,2020,2020
50.67677,4.69054,Impatiens glandulifera,2007,2007
50.67681,4.28667,Impatiens glandulifera,2017,2017
50.67684,4.28837,Impatiens glandulifera,2016,2016
50.67732,4.6864,Impatiens glandulifera,2009,2009
50.677551,4.583669,Heracleum mantegazzianum,2019,2019
50.678177,4.591879,Impatiens glandulifera,2019,2019
50.67819,4.68835,Impatiens glandulifera,2020,2020
50.678198,4.591524,Impatiens glandulifera,2020,2020
50.67851,4.36803,Heracleum mantegazzianum,2014,2014
50.67873,4.23773,Impatiens glandulifera,2015,2015
50.67911,4.23562,Impatiens glandulifera,2013,2013
50.68002,4.25627,Impatiens glandulifera,2015,2015
50.68005,4.17083,Impatiens glandulifera,2014,2014
50.68019,4.24666,Impatiens glandulifera,2015,2015
50.68019,4.39882,Heracleum mantegazzianum,2015,2015
50.68023,4.64674,Impatiens glandulifera,2018,2018
50.680678,4.251365,Impatiens glandulifera,2019,2019
50.680932,4.648964,Impatiens glandulifera,2020,2020
50.680952,4.250996,Impatiens glandulifera,2019,2019
50.68122,4.2897,Impatiens glandulifera,2015,2015
50.68135,4.39613,Heracleum mantegazzianum,2016,2016
50.68169,4.29762,Impatiens glandulifera,2016,2016
50.68174,4.22882,Impatiens glandulifera,2020,2020
50.68178,4.55971,Elodea nuttallii,2008,2008
50.68178,4.55971,Myriophyllum aquaticum,2008,2008
50.68196,4.55982,Heracleum mantegazzianum,2012,2012
50.68199,4.42152,Heracleum mantegazzianum,2011,2011
50.68208,4.55834,Impatiens glandulifera,2021,2021
50.68211,4.55908,Impatiens glandulifera,2021,2021
50.68233,4.64766,Impatiens glandulifera,2019,2019
50.6824,4.28399,Impatiens glandulifera,2019,2019
50.68248,4.64716,Impatiens glandulifera,2017,2017
50.68248,4.69527,Myriophyllum aquaticum,2019,2019
50.68258,4.6953,Pacifastacus leniusculus,2019,2019
50.6826,4.64712,Impatiens glandulifera,2020,2020
50.682679,4.200588,Impatiens glandulifera,2019,2019
50.68269,4.47542,Heracleum mantegazzianum,2018,2018
50.68275,4.64766,Impatiens glandulifera,2020,2020
50.68277,4.64847,Impatiens glandulifera,2017,2017
50.68279,4.30401,Impatiens glandulifera,2015,2015
50.68283,4.28403,Impatiens glandulifera,2018,2018
50.68286,4.28277,Impatiens glandulifera,2005,2005
50.68307,4.28178,Impatiens glandulifera,2020,2020
50.68322,4.29369,Impatiens glandulifera,2009,2009
50.68337,4.30214,Impatiens glandulifera,2019,2019
50.68338,4.57639,Impatiens glandulifera,2008,2008
50.683447,4.283424,Impatiens glandulifera,2020,2020
50.68375,4.64897,Impatiens glandulifera,2017,2017
50.68376,4.281,Impatiens glandulifera,2019,2020
50.68383,4.54898,Heracleum mantegazzianum,2011,2011
50.68385,4.6478,Impatiens glandulifera,2017,2017
50.68389,4.53949,Heracleum mantegazzianum,2011,2011
50.68411,4.57596,Impatiens glandulifera,2017,2017
50.68412,4.27589,Impatiens glandulifera,2021,2021
50.68416,4.22342,Heracleum mantegazzianum,2010,2010
50.684188,4.575431,Impatiens glandulifera,2019,2019
50.6842,4.02223,Impatiens glandulifera,2012,2012
50.68422,4.69974,Heracleum mantegazzianum,2011,2011
50.68423,4.70146,Impatiens glandulifera,2007,2007
50.68424,4.03638,Heracleum mantegazzianum,2010,2010
50.68424,4.03638,Impatiens glandulifera,2012,2012
50.68427,4.68731,Impatiens glandulifera,2015,2015
50.68432,4.06468,Heracleum mantegazzianum,2009,2009
50.68438,4.64485,Impatiens glandulifera,2007,2007
50.68444,4.34186,Impatiens glandulifera,2009,2013
50.68448,4.13544,Impatiens glandulifera,2012,2012
50.68455,4.55995,Pacifastacus leniusculus,2012,2012
50.68456,4.17789,Impatiens glandulifera,2012,2012
50.68462,4.22034,Impatiens glandulifera,2009,2009
50.68464,4.23449,Impatiens glandulifera,2008,2008
50.68465,4.24864,Impatiens glandulifera,2005,2008
50.68465,4.70692,Myriophyllum aquaticum,2020,2020
50.68466,4.26279,Impatiens glandulifera,2006,2008
50.68466,4.47505,Faxonius limosus,2007,2007
50.68468,4.27694,Impatiens glandulifera,2012,2012
50.68469,4.29109,Impatiens glandulifera,2003,2012
50.68471,4.27997,Impatiens glandulifera,2020,2020
50.68488,4.57716,Impatiens glandulifera,2017,2017
50.68577,4.30112,Heracleum mantegazzianum,2010,2010
50.68619,4.01173,Impatiens glandulifera,2012,2012
50.68674,4.36659,Heracleum mantegazzianum,2015,2015
50.68683,4.36752,Heracleum mantegazzianum,2015,2015
50.686993,4.694717,Impatiens glandulifera,2020,2020
50.68727,4.64148,Heracleum mantegazzianum,2010,2010
50.68734,4.69425,Impatiens glandulifera,2017,2017
50.687589,4.695236,Impatiens glandulifera,2020,2020
50.68775,4.013724,Impatiens glandulifera,2019,2019
50.68826,4.66267,Impatiens glandulifera,2020,2020
50.68831,4.25686,Impatiens glandulifera,2015,2015
50.68868,4.25698,Impatiens glandulifera,2016,2016
50.68893,4.34147,Impatiens glandulifera,2015,2015
50.689036,4.544605,Impatiens glandulifera,2019,2019
50.689087,4.377958,Impatiens glandulifera,2020,2020
50.68913,4.25689,Impatiens glandulifera,2017,2017
50.689159,4.377979,Impatiens glandulifera,2020,2020
50.68916,4.48815,Heracleum mantegazzianum,2018,2018
50.68918,4.32417,Impatiens glandulifera,2015,2015
50.68995,4.38572,Heracleum mantegazzianum,2017,2017
50.68996,4.38607,Heracleum mantegazzianum,2016,2016
50.69012,4.38633,Heracleum mantegazzianum,2016,2016
50.69013,4.38636,Heracleum mantegazzianum,2017,2017
50.69023,4.28268,Impatiens glandulifera,2016,2016
50.69033,4.38625,Heracleum mantegazzianum,2017,2017
50.690354,4.564614,Impatiens glandulifera,2020,2020
50.69064,4.38566,Heracleum mantegazzianum,2019,2019
50.69065,4.38564,Heracleum mantegazzianum,2019,2019
50.69069,4.19743,Impatiens glandulifera,2021,2021
50.690833,4.661389,Impatiens glandulifera,2020,2020
50.69088,4.34931,Heracleum mantegazzianum,2014,2014
50.69091,4.19509,Impatiens glandulifera,2021,2021
50.69121,4.19947,Impatiens glandulifera,2020,2020
50.69142,4.38554,Heracleum mantegazzianum,2016,2016
50.69144,4.38547,Heracleum mantegazzianum,2017,2017
50.69153,4.19779,Impatiens glandulifera,2019,2019
50.69156,4.38566,Heracleum mantegazzianum,2016,2016
50.691686,4.228224,Impatiens glandulifera,2019,2019
50.69175,4.38581,Heracleum mantegazzianum,2016,2016
50.691765,4.227617,Impatiens glandulifera,2019,2019
50.6918,4.20018,Impatiens glandulifera,2019,2019
50.6918,4.38575,Heracleum mantegazzianum,2017,2017
50.69181,4.38577,Heracleum mantegazzianum,2017,2017
50.6919,4.38577,Impatiens glandulifera,2016,2016
50.69192,4.33187,Impatiens glandulifera,2017,2017
50.69204,4.33117,Impatiens glandulifera,2017,2017
50.69205,4.38596,Heracleum mantegazzianum,2016,2016
50.69208,4.38618,Heracleum mantegazzianum,2016,2016
50.69209,4.01622,Impatiens glandulifera,2016,2016
50.69216,4.38576,Heracleum mantegazzianum,2016,2016
50.69222,4.37509,Impatiens glandulifera,2016,2016
50.69229,4.27315,Faxonius limosus,2021,2021
50.69236,4.25966,Hydrocotyle ranunculoides,2007,2007
50.69248,4.25151,Heracleum mantegazzianum,2020,2020
50.69249,4.37589,Heracleum mantegazzianum,2019,2019
50.6925,4.37797,Heracleum mantegazzianum,2019,2019
50.6925,4.37799,Heracleum mantegazzianum,2019,2019
50.69254,4.37569,Heracleum mantegazzianum,2017,2017
50.69255,4.38015,Heracleum mantegazzianum,2017,2017
50.69258,4.37582,Heracleum mantegazzianum,2019,2019
50.69259,4.37554,Heracleum mantegazzianum,2016,2016
50.6926,4.37832,Heracleum mantegazzianum,2016,2016
50.69261,4.38005,Heracleum mantegazzianum,2017,2017
50.692652,4.251504,Heracleum mantegazzianum,2020,2020
50.69266,4.37821,Heracleum mantegazzianum,2016,2016
50.69274,4.38564,Heracleum mantegazzianum,2019,2019
50.69277,4.38564,Heracleum mantegazzianum,2019,2019
50.69284,4.20031,Impatiens glandulifera,2020,2020
50.69293,4.33777,Impatiens glandulifera,2021,2021
50.69303,4.33771,Impatiens glandulifera,2021,2021
50.69307,4.3823,Heracleum mantegazzianum,2017,2017
50.6931,4.38223,Heracleum mantegazzianum,2017,2017
50.69313,4.02223,Impatiens glandulifera,2002,2002
50.69314,4.72983,Heracleum mantegazzianum,2001,2001
50.69319,4.02217,Impatiens glandulifera,2010,2010
50.69327,4.05047,Heracleum mantegazzianum,2009,2009
50.693291,4.600355,Impatiens glandulifera,2019,2019
50.69334,4.07878,Heracleum mantegazzianum,2012,2012
50.693506,4.383085,Impatiens glandulifera,2019,2019
50.69352,4.57414,Impatiens glandulifera,2007,2007
50.69359,4.20616,Impatiens glandulifera,2005,2005
50.69359,4.34494,Impatiens glandulifera,2019,2019
50.693600000000004,4.27698,Impatiens glandulifera,2005,2005
50.69361,4.22031,Impatiens glandulifera,2012,2012
50.69365,4.47507,Heracleum mantegazzianum,2002,2002
50.69366,4.46092,Heracleum mantegazzianum,2002,2002
50.69366,4.46092,Impatiens glandulifera,2002,2002
50.6937,4.34769,Heracleum mantegazzianum,2012,2012
50.6937,4.34769,Impatiens glandulifera,2012,2012
50.693877,4.664889,Impatiens glandulifera,2018,2018
50.6939,4.29359,Heracleum mantegazzianum,2012,2012
50.69408,4.20066,Impatiens glandulifera,2020,2020
50.69408,4.664876,Impatiens glandulifera,2019,2019
50.694087,4.66468,Impatiens glandulifera,2020,2020
50.69411,4.21276,Impatiens glandulifera,2015,2015
50.69421,4.598948,Impatiens glandulifera,2019,2019
50.69482,4.6374,Heracleum mantegazzianum,2010,2010
50.69516,4.73643,Ludwigia grandiflora,2016,2016
50.69532,4.20493,Impatiens glandulifera,2020,2020
50.69548,4.57014,Heracleum mantegazzianum,2016,2016
50.695618,4.613714,Impatiens glandulifera,2018,2018
50.69568,4.61919,Heracleum mantegazzianum,2015,2015
50.69576,4.61919,Heracleum mantegazzianum,2012,2012
50.69578,4.21738,Impatiens glandulifera,2015,2015
50.69608,4.48496,Hydrocotyle ranunculoides,2018,2018
50.69609,4.33122,Impatiens glandulifera,2017,2017
50.69632,4.612967,Impatiens glandulifera,2018,2018
50.69643,4.28775,Heracleum mantegazzianum,2013,2013
50.697,4.31865,Heracleum mantegazzianum,2015,2015
50.697368,4.03483,Impatiens glandulifera,2019,2019
50.69765,4.21411,Impatiens glandulifera,2020,2020
50.69791,4.61732,Heracleum mantegazzianum,2015,2015
50.69793,4.33052,Impatiens glandulifera,2017,2017
50.69807,4.17016,Heracleum mantegazzianum,2016,2016
50.69811,4.33016,Impatiens glandulifera,2015,2015
50.69818,4.32905,Impatiens glandulifera,2016,2016
50.69829,4.59612,Hydrocotyle ranunculoides,2018,2018
50.69829,4.59612,Ludwigia grandiflora,2018,2018
50.69832,4.32943,Impatiens glandulifera,2017,2017
50.69833,4.46801,Heracleum mantegazzianum,2019,2019
50.69836,4.17085,Heracleum mantegazzianum,2013,2013
50.69857,4.28084,Heracleum mantegazzianum,2013,2013
50.69859,4.49415,Heracleum mantegazzianum,2011,2011
50.69874,4.65194,Heracleum mantegazzianum,2016,2016
50.69895,4.28024,Heracleum mantegazzianum,2013,2013
50.698972,4.664188,Impatiens glandulifera,2019,2019
50.69904,4.17006,Heracleum mantegazzianum,2018,2018
50.69908,4.27947,Heracleum mantegazzianum,2010,2010
50.69931,4.35758,Heracleum mantegazzianum,2013,2013
50.69944,4.54386,Heracleum mantegazzianum,2012,2012
50.69947,4.54367,Heracleum mantegazzianum,2012,2012
50.69949,4.24233,Impatiens glandulifera,2017,2017
50.69976,4.17232,Heracleum mantegazzianum,2016,2016
50.699995,4.266292,Impatiens glandulifera,2020,2020
50.70022,4.26649,Impatiens glandulifera,2014,2014
50.70062,4.21096,Heracleum mantegazzianum,2012,2012
50.70075,4.34,Heracleum mantegazzianum,2013,2013
50.70102,4.25969,Heracleum mantegazzianum,2021,2021
50.70138,3.90835,Myriophyllum aquaticum,2018,2018
50.70139,3.90849,Myriophyllum aquaticum,2014,2014
50.70156,4.69129,Heracleum mantegazzianum,2015,2015
50.70157,4.73695,Heracleum mantegazzianum,2010,2010
50.70164,4.69072,Heracleum mantegazzianum,2011,2011
50.70217,4.71574,Impatiens glandulifera,2007,2007
50.70237,4.09288,Heracleum mantegazzianum,2010,2010
50.702393,4.591901,Impatiens glandulifera,2019,2019
50.7025,4.73899,Heracleum mantegazzianum,2010,2010
50.70251,4.16366,Heracleum mantegazzianum,2012,2012
50.70253,4.22034,Impatiens glandulifera,2011,2011
50.70256,4.24865,Impatiens glandulifera,2017,2017
50.70257,4.26281,Impatiens glandulifera,2001,2020
50.70259,4.27696,Heracleum mantegazzianum,2001,2001
50.70259,4.27696,Impatiens glandulifera,2016,2016
50.70261,4.5034,Impatiens glandulifera,2002,2002
50.70263,4.48925,Heracleum mantegazzianum,2002,2002
50.70266,4.44678,Heracleum mantegazzianum,2002,2002
50.70268,4.54146,Heracleum mantegazzianum,2012,2012
50.70284,4.34957,Heracleum mantegazzianum,2015,2015
50.703017,4.490713,Impatiens glandulifera,2019,2019
50.7034,4.43024,Heracleum mantegazzianum,2011,2011
50.70352,4.36354,Impatiens glandulifera,2016,2016
50.70389,4.50011,Lysichiton americanus,2015,2015
50.70438,4.59523,Impatiens glandulifera,2012,2012
50.70479,4.60006,Impatiens glandulifera,2015,2015
50.7057,4.59829,Impatiens glandulifera,2015,2015
50.70583,4.59886,Impatiens glandulifera,2019,2019
50.70601,4.51682,Heracleum mantegazzianum,2012,2012
50.70631,4.53405,Heracleum mantegazzianum,2015,2015
50.706427,4.081743,Impatiens glandulifera,2019,2019
50.70644,4.27243,Impatiens glandulifera,2016,2016
50.70665,4.60058,Impatiens glandulifera,2019,2019
50.70794,4.53729,Heracleum mantegazzianum,2009,2016
50.70806,4.71808,Impatiens glandulifera,2014,2014
50.70811,4.51423,Heracleum mantegazzianum,2015,2015
50.70884,4.51584,Heracleum mantegazzianum,2021,2021
50.7089,4.51551,Heracleum mantegazzianum,2021,2021
50.70893,4.51547,Heracleum mantegazzianum,2021,2021
50.70896,4.53555,Heracleum mantegazzianum,2010,2010
50.70931,4.51538,Heracleum mantegazzianum,2021,2021
50.70945,4.10434,Heracleum mantegazzianum,2017,2017
50.70951,4.23369,Impatiens glandulifera,2020,2020
50.7096,4.5434,Heracleum mantegazzianum,2016,2016
50.7097,4.23375,Impatiens glandulifera,2020,2020
50.7098,4.10852,Heracleum mantegazzianum,2013,2013
50.70983,4.10472,Heracleum mantegazzianum,2010,2010
50.70984,4.714,Impatiens glandulifera,2014,2014
50.71021,4.23388,Impatiens glandulifera,2021,2021
50.710271,4.233891,Impatiens glandulifera,2019,2019
50.71051,4.44202,Heracleum mantegazzianum,2011,2011
50.71067,4.24682,Impatiens glandulifera,2019,2019
50.71076,4.525159,Impatiens glandulifera,2019,2019
50.71088,4.10872,Heracleum mantegazzianum,2010,2010
50.7111,4.0221,Impatiens glandulifera,2007,2007
50.71111,4.41083,Heracleum mantegazzianum,2017,2017
50.7112,4.70165,Impatiens glandulifera,2007,2007
50.71146,4.17784,Impatiens glandulifera,2012,2012
50.71152,4.22031,Impatiens glandulifera,2018,2018
50.71153,4.23447,Impatiens glandulifera,2002,2013
50.71155,4.24863,Heracleum mantegazzianum,2013,2013
50.71159,4.22025,Impatiens glandulifera,2008,2008
50.71159,4.30526,Impatiens glandulifera,2002,2002
50.7116,4.31942,Impatiens glandulifera,2009,2010
50.7116,4.50343,Impatiens glandulifera,2000,2000
50.71163,4.47511,Impatiens glandulifera,2000,2000
50.711767,4.657487,Impatiens glandulifera,2018,2018
50.7122,4.52304,Impatiens glandulifera,2016,2016
50.71225,4.23379,Impatiens glandulifera,2016,2016
50.71239,4.23383,Impatiens glandulifera,2019,2019
50.7124,4.59954,Heracleum mantegazzianum,2007,2007
50.71256,4.42928,Heracleum mantegazzianum,2010,2010
50.71263,4.6086,Impatiens glandulifera,2018,2018
50.71265,4.22915,Impatiens glandulifera,2019,2019
50.713,4.2277,Impatiens glandulifera,2014,2014
50.71305,4.46735,Heracleum mantegazzianum,2010,2010
50.71316,4.22933,Impatiens glandulifera,2019,2019
50.71325,4.23263,Impatiens glandulifera,2021,2021
50.713383,4.232847,Impatiens glandulifera,2019,2019
50.71341,4.42377,Lysichiton americanus,2010,2010
50.713889,4.228611,Impatiens glandulifera,2019,2019
50.713945,4.22866,Impatiens glandulifera,2019,2019
50.71444,4.22738,Impatiens glandulifera,2020,2020
50.71463,4.22762,Impatiens glandulifera,2019,2019
50.715556,4.245833,Impatiens glandulifera,2019,2019
50.7156,4.43498,Heracleum mantegazzianum,2010,2010
50.71576,4.43061,Hydrocotyle ranunculoides,2016,2016
50.71576,4.68044,Impatiens glandulifera,2019,2019
50.7158,4.43015,Hydrocotyle ranunculoides,2014,2014
50.71589,4.6238,Impatiens glandulifera,2013,2013
50.71628,4.24253,Impatiens glandulifera,2021,2021
50.716577,4.23026,Impatiens glandulifera,2020,2020
50.716584,4.242098,Impatiens glandulifera,2019,2019
50.716585,4.242232,Impatiens glandulifera,2019,2019
50.71659,4.24216,Impatiens glandulifera,2018,2018
50.71659,4.71765,Procambarus clarkii,2018,2018
50.71665,4.2421,Impatiens glandulifera,2020,2020
50.71694,4.50847,Impatiens glandulifera,2008,2008
50.71696,4.50871,Impatiens glandulifera,2010,2010
50.71715,4.50923,Impatiens glandulifera,2014,2014
50.71742,4.71727,Heracleum mantegazzianum,2018,2018
50.71765,3.93656,Heracleum mantegazzianum,2016,2016
50.7179,4.26651,Heracleum mantegazzianum,2015,2015
50.71803,4.43439,Hydrocotyle ranunculoides,2014,2014
50.71891,4.41011,Heracleum mantegazzianum,2011,2011
50.71912,4.43475,Hydrocotyle ranunculoides,2010,2010
50.71922,4.60922,Heracleum mantegazzianum,2010,2010
50.72019,4.70171,Heracleum mantegazzianum,2007,2007
50.72053,4.54594,Impatiens glandulifera,2009,2009
50.72054,4.24861,Impatiens glandulifera,2010,2013
50.72055,4.26277,Heracleum mantegazzianum,2015,2015
50.72055,4.26277,Hydrocotyle ranunculoides,2014,2014
50.72056,4.27693,Impatiens glandulifera,2018,2018
50.72057,4.29109,Heracleum mantegazzianum,2018,2018
50.72057,4.29109,Impatiens glandulifera,2014,2018
50.72063,4.46097,Impatiens glandulifera,2000,2000
50.72189,4.27433,Impatiens glandulifera,2018,2018
50.7227,4.32747,Faxonius limosus,2015,2015
50.722778,4.493785,Impatiens glandulifera,2020,2020
50.72312,4.28704,Heracleum mantegazzianum,2018,2018
50.72326,4.69777,Impatiens glandulifera,2010,2010
50.72344,4.28531,Impatiens glandulifera,2018,2018
50.72353,4.28554,Impatiens glandulifera,2018,2018
50.72355,4.69777,Impatiens glandulifera,2010,2010
50.72364,4.52132,Heracleum mantegazzianum,2011,2011
50.72369,4.2859,Impatiens glandulifera,2018,2018
50.72384,4.62719,Impatiens glandulifera,2018,2018
50.72405,4.54231,Impatiens glandulifera,2014,2014
50.72445,4.54174,Impatiens glandulifera,2016,2016
50.72446,4.44765,Hydrocotyle ranunculoides,2014,2014
50.7247,4.54088,Impatiens glandulifera,2011,2011
50.72474,4.54275,Impatiens glandulifera,2015,2015
50.72491,4.44926,Hydrocotyle ranunculoides,2012,2012
50.72494,4.54088,Impatiens glandulifera,2017,2017
50.72515,4.54388,Impatiens glandulifera,2008,2008
50.725278,4.33,Impatiens glandulifera,2020,2020
50.72537,4.44946,Heracleum mantegazzianum,2012,2012
50.72556,4.5241,Heracleum mantegazzianum,2018,2018
50.72619,4.6327,Impatiens glandulifera,2018,2018
50.7263,4.67817,Heracleum mantegazzianum,2020,2020
50.72675,4.67845,Heracleum mantegazzianum,2020,2020
50.72688,4.67822,Heracleum mantegazzianum,2020,2020
50.72692,4.52692,Impatiens glandulifera,2016,2016
50.72706,4.45456,Hydrocotyle ranunculoides,2014,2014
50.72718,4.6359,Impatiens glandulifera,2021,2021
50.72721,4.63565,Impatiens glandulifera,2010,2010
50.72726,4.54552,Impatiens glandulifera,2020,2020
50.72728,4.63653,Impatiens glandulifera,2013,2013
50.7273,4.54551,Impatiens glandulifera,2020,2020
50.72744,4.3155,Heracleum mantegazzianum,2021,2021
50.72755,4.31614,Heracleum mantegazzianum,2021,2021
50.727748,4.160101,Impatiens glandulifera,2020,2020
50.72784,4.69993,Pacifastacus leniusculus,2018,2018
50.728,4.76212,Lysichiton americanus,2013,2013
50.72836,4.6319,Impatiens glandulifera,2015,2015
50.72848,4.54712,Impatiens glandulifera,2015,2015
50.72853,4.55413,Heracleum mantegazzianum,2013,2013
50.72904,4.21725,Myriophyllum aquaticum,2016,2016
50.72908,4.02197,Impatiens glandulifera,2003,2003
50.72918,4.70177,Pacifastacus leniusculus,2011,2011
50.72929,4.69986,Pacifastacus leniusculus,2018,2018
50.72941,4.1636,Heracleum mantegazzianum,2002,2002
50.7295,4.22026,Impatiens glandulifera,2007,2007
50.7295,4.56014,Impatiens glandulifera,2009,2009
50.72951,4.23442,Impatiens glandulifera,2008,2009
50.72953,4.19187,Impatiens glandulifera,2009,2009
50.72955,4.27691,Heracleum mantegazzianum,2012,2018
50.72955,4.27691,Impatiens glandulifera,2002,2021
50.72957,4.30524,Impatiens glandulifera,2002,2002
50.72958,4.3194,Impatiens glandulifera,2014,2014
50.72958,4.50348,Impatiens glandulifera,2000,2000
50.72962,4.73975,Lysichiton americanus,2017,2017
50.72966,4.33351,Impatiens glandulifera,2009,2009
50.72999,4.16188,Impatiens glandulifera,2021,2021
50.73007,4.75765,Lysichiton americanus,2017,2017
50.73012,4.46107,Heracleum mantegazzianum,2010,2010
50.73019,4.75689,Lysichiton americanus,2013,2013
50.73021,4.69982,Heracleum mantegazzianum,2018,2018
50.730218,4.279216,Impatiens glandulifera,2020,2020
50.73026,4.27161,Heracleum mantegazzianum,2018,2018
50.73031,4.27142,Heracleum mantegazzianum,2018,2018
50.73032,4.27155,Heracleum mantegazzianum,2018,2018
50.73051,4.02372,Heracleum mantegazzianum,2021,2021
50.73062,4.49403,Heracleum mantegazzianum,2020,2020
50.73069,4.27375,Heracleum mantegazzianum,2018,2018
50.730833,4.31359,Impatiens glandulifera,2020,2020
50.73084,4.27405,Heracleum mantegazzianum,2021,2021
50.731,4.27347,Impatiens glandulifera,2018,2018
50.73112,4.27285,Impatiens glandulifera,2018,2018
50.73112,4.42393,Impatiens glandulifera,2014,2014
50.731194,4.465773,Impatiens glandulifera,2020,2020
50.73123,4.30867,Impatiens glandulifera,2021,2021
50.73132,4.50856,Heracleum mantegazzianum,2013,2013
50.73146,4.28006,Impatiens glandulifera,2018,2018
50.731497,4.468734,Impatiens glandulifera,2019,2019
50.73185,4.27905,Impatiens glandulifera,2018,2018
50.73187,4.313262,Impatiens glandulifera,2018,2018
50.73187,4.46055,Heracleum mantegazzianum,2010,2010
50.731905,4.313161,Impatiens glandulifera,2019,2019
50.73195,4.308928,Impatiens glandulifera,2020,2020
50.73195,4.31306,Impatiens glandulifera,2021,2021
50.73196,4.66242,Impatiens glandulifera,2019,2019
50.732170000000004,3.89462,Impatiens glandulifera,2012,2012
50.73222,4.55203,Impatiens glandulifera,2015,2015
50.73226,4.69831,Impatiens glandulifera,2010,2010
50.73234,4.46494,Impatiens glandulifera,2021,2021
50.73237,4.46497,Impatiens glandulifera,2021,2021
50.7325,4.55343,Heracleum mantegazzianum,2015,2015
50.73251,4.55343,Heracleum mantegazzianum,2015,2015
50.73264,4.46554,Impatiens glandulifera,2021,2021
50.73305,4.69942,Elodea nuttallii,2018,2018
50.73314,4.62687,Impatiens glandulifera,2014,2014
50.73353,4.70412,Heracleum mantegazzianum,2012,2012
50.73355,4.64124,Impatiens glandulifera,2019,2019
50.73361,4.46728,Impatiens glandulifera,2021,2021
50.73373,4.55443,Impatiens glandulifera,2015,2015
50.73389,4.21563,Impatiens glandulifera,2020,2020
50.733925,4.21552,Impatiens glandulifera,2020,2020
50.73396,4.47135,Impatiens glandulifera,2014,2014
50.734,4.21635,Impatiens glandulifera,2021,2021
50.73501,4.53941,Heracleum mantegazzianum,2011,2011
50.7353,4.71627,Impatiens glandulifera,2010,2010
50.73559,4.27372,Heracleum mantegazzianum,2012,2012
50.73561,4.71771,Impatiens glandulifera,2010,2010
50.73566,4.60194,Heracleum mantegazzianum,2012,2012
50.73571,4.54161,Heracleum mantegazzianum,2010,2010
50.73571,4.69829,Heracleum mantegazzianum,2013,2013
50.7358,4.49011,Heracleum mantegazzianum,2010,2010
50.73593,4.24015,Impatiens glandulifera,2021,2021
50.73594,4.71751,Impatiens glandulifera,2010,2010
50.73611,4.05,Lagarosiphon major,2020,2020
50.7362,4.66142,Impatiens glandulifera,2010,2010
50.73622,4.64793,Impatiens glandulifera,2021,2021
50.73628,4.69786,Impatiens glandulifera,2010,2010
50.73629,4.29671,Impatiens glandulifera,2020,2020
50.7363,4.66232,Impatiens glandulifera,2019,2019
50.73648,4.462605,Impatiens glandulifera,2020,2020
50.73657,4.4853,Heracleum mantegazzianum,2013,2013
50.73663,4.30681,Heracleum mantegazzianum,2020,2020
50.73707,4.01963,Impatiens glandulifera,2021,2021
50.73708,4.46408,Heracleum mantegazzianum,2021,2021
50.73722,4.35467,Heracleum mantegazzianum,2017,2017
50.73755,4.64804,Impatiens glandulifera,2015,2015
50.73759,4.6506,Impatiens glandulifera,2020,2020
50.73768,4.48714,Heracleum mantegazzianum,2010,2010
50.73774,4.26433,Impatiens glandulifera,2017,2017
50.73788,4.64972,Impatiens glandulifera,2010,2010
50.73807,4.02191,Heracleum mantegazzianum,2007,2007
50.73807,4.02191,Impatiens glandulifera,2007,2007
50.73811,4.6479,Impatiens glandulifera,2010,2010
50.73817,4.70184,Impatiens glandulifera,2007,2007
50.73847,4.20607,Impatiens glandulifera,2006,2007
50.73847,4.69776,Impatiens glandulifera,2019,2019
50.73848,3.86861,Impatiens glandulifera,2011,2011
50.73849,3.9815,Heracleum mantegazzianum,2019,2019
50.73849,4.22023,Impatiens glandulifera,2009,2009
50.73852,4.24856,Impatiens glandulifera,2004,2018
50.73854,4.2769,Heracleum mantegazzianum,2012,2012
50.73855,3.86977,Impatiens glandulifera,2016,2016
50.73855,4.29106,Impatiens glandulifera,2005,2005
50.73857,4.33356,Heracleum mantegazzianum,2004,2004
50.73857,4.33356,Impatiens glandulifera,2004,2020
50.73858,4.34773,Impatiens glandulifera,2014,2019
50.73858,4.3619,Impatiens glandulifera,2008,2008
50.73859,4.48934,Impatiens glandulifera,2008,2008
50.73861,4.461,Impatiens glandulifera,2012,2012
50.73875,3.87239,Impatiens glandulifera,2016,2016
50.738766,4.283337,Impatiens glandulifera,2020,2020
50.73881,4.28746,Lysichiton americanus,2017,2017
50.73884,4.55901,Impatiens glandulifera,2011,2011
50.738889,3.872778,Impatiens glandulifera,2019,2019
50.739003,4.347758,Impatiens glandulifera,2019,2019
50.739092,4.202756,Impatiens glandulifera,2019,2019
50.73921,4.01687,Impatiens glandulifera,2021,2021
50.73936,4.54857,Heracleum mantegazzianum,2015,2015
50.73939,4.70052,Heracleum mantegazzianum,2013,2013
50.73941,4.70053,Heracleum mantegazzianum,2013,2013
50.7397,4.64845,Impatiens glandulifera,2021,2021
50.73986,4.33118,Impatiens glandulifera,2020,2020
50.74005,4.54792,Heracleum mantegazzianum,2013,2013
50.74006,4.54793,Heracleum mantegazzianum,2013,2013
50.74007,4.01522,Heracleum mantegazzianum,2011,2011
50.74012,4.64854,Impatiens glandulifera,2020,2020
50.740208,4.331345,Impatiens glandulifera,2020,2020
50.74021,4.54809,Heracleum mantegazzianum,2016,2016
50.74022,4.5481,Heracleum mantegazzianum,2014,2014
50.74042,3.8759,Impatiens glandulifera,2020,2020
50.74044,4.28182,Impatiens glandulifera,2017,2017
50.74052,4.54724,Heracleum mantegazzianum,2015,2015
50.74083,4.2971,Impatiens glandulifera,2020,2020
50.74086,3.89382,Impatiens glandulifera,2020,2020
50.7412,3.89212,Heracleum mantegazzianum,2012,2012
50.74121,3.89168,Heracleum mantegazzianum,2012,2012
50.74126,4.28483,Impatiens glandulifera,2017,2017
50.74128,3.94812,Impatiens glandulifera,2021,2021
50.74133,3.88729,Impatiens glandulifera,2020,2020
50.74148,4.24506,Impatiens glandulifera,2021,2021
50.74159,3.8906,Impatiens glandulifera,2011,2011
50.74168,4.28559,Faxonius limosus,2020,2020
50.741715,4.649804,Impatiens glandulifera,2020,2020
50.74183,4.28618,Impatiens glandulifera,2017,2017
50.74197,4.67416,Heracleum mantegazzianum,2012,2012
50.74198,4.67422,Heracleum mantegazzianum,2012,2012
50.742,4.64979,Impatiens glandulifera,2020,2020
50.74207,4.01116,Impatiens glandulifera,2021,2021
50.74215,3.89066,Impatiens glandulifera,2020,2020
50.74238,3.87648,Ludwigia peploides,2020,2020
50.7424,4.28446,Faxonius limosus,2020,2020
50.74243,3.87661,Ludwigia grandiflora,2020,2020
50.74245,4.61191,Elodea nuttallii,2021,2021
50.7425,4.24778,Impatiens glandulifera,2020,2020
50.74283,4.54507,Heracleum mantegazzianum,2010,2010
50.74299,4.01062,Impatiens glandulifera,2017,2017
50.743204,4.465441,Impatiens glandulifera,2019,2019
50.74335,3.90225,Faxonius limosus,2020,2020
50.74346,3.89347,Heracleum mantegazzianum,2016,2016
50.7438,4.64833,Impatiens glandulifera,2014,2017
50.74395,3.92719,Ludwigia grandiflora,2016,2016
50.74419,4.64741,Impatiens glandulifera,2021,2021
50.74438,3.9127,Impatiens glandulifera,2016,2016
50.74459,4.19461,Heracleum mantegazzianum,2021,2021
50.7448,4.648,Impatiens glandulifera,2010,2010
50.745064,4.460127,Impatiens glandulifera,2020,2020
50.745121,4.461285,Impatiens glandulifera,2020,2020
50.74526,4.45994,Impatiens glandulifera,2021,2021
50.74587,4.00357,Impatiens glandulifera,2021,2021
50.746111,4.278056,Impatiens glandulifera,2020,2020
50.74613,4.69019,Heracleum mantegazzianum,2013,2013
50.74614,4.6902,Heracleum mantegazzianum,2013,2013
50.74619,3.89769,Impatiens glandulifera,2021,2021
50.74644,4.0026,Impatiens glandulifera,2017,2017
50.74678,3.93683,Heracleum mantegazzianum,2016,2016
50.74678,3.93683,Impatiens glandulifera,2016,2016
50.74683,3.951,Impatiens glandulifera,2020,2020
50.74702,4.00767,Impatiens glandulifera,2007,2017
50.74708,4.00109,Impatiens glandulifera,2021,2021
50.74731,4.64522,Impatiens glandulifera,2003,2003
50.74735,4.68533,Heracleum mantegazzianum,2020,2020
50.74738,4.25054,Myriophyllum aquaticum,2020,2020
50.74748,4.56021,Impatiens glandulifera,2009,2009
50.74749,4.23437,Impatiens glandulifera,2016,2016
50.74751,4.24854,Impatiens glandulifera,2002,2008
50.74753,4.27688,Impatiens glandulifera,2004,2018
50.74755,4.41857,Impatiens glandulifera,2001,2001
50.74772,4.00169,Impatiens glandulifera,2017,2017
50.7481,4.25308,Impatiens glandulifera,2021,2021
50.74819,4.25347,Impatiens glandulifera,2021,2021
50.748501,3.934313,Impatiens glandulifera,2020,2020
50.748889,4.253056,Impatiens glandulifera,2019,2019
50.74914,3.93403,Impatiens glandulifera,2021,2021
50.74916,3.93397,Impatiens glandulifera,2021,2021
50.74948,4.48435,Heracleum mantegazzianum,2016,2016
50.74949,4.48435,Heracleum mantegazzianum,2009,2009
50.75004,3.94241,Impatiens glandulifera,2021,2021
50.750253,4.25633,Impatiens glandulifera,2020,2020
50.75074,3.94682,Impatiens glandulifera,2011,2011
50.75082,3.94121,Impatiens glandulifera,2021,2021
50.75097,3.97566,Impatiens glandulifera,2021,2021
50.75101,3.94585,Impatiens glandulifera,2021,2021
50.75105,3.95183,Impatiens glandulifera,2021,2021
50.75124,3.94595,Impatiens glandulifera,2020,2020
50.75138,3.95298,Impatiens glandulifera,2021,2021
50.75143,3.954,Impatiens glandulifera,2021,2021
50.75149,4.65821,Impatiens glandulifera,2020,2020
50.751617,3.973022,Impatiens glandulifera,2020,2020
50.75171,3.94607,Impatiens glandulifera,2020,2020
50.751717,3.961742,Impatiens glandulifera,2020,2020
50.75175,4.66241,Impatiens glandulifera,2020,2020
50.75186,3.94599,Impatiens glandulifera,2021,2021
50.75196,3.94498,Impatiens glandulifera,2018,2018
50.75206,4.66075,Heracleum mantegazzianum,2016,2016
50.75213,3.94625,Impatiens glandulifera,2020,2020
50.75232,3.94489,Impatiens glandulifera,2021,2021
50.752452,4.274542,Heracleum mantegazzianum,2020,2020
50.752657,3.962193,Impatiens glandulifera,2019,2020
50.75266,4.25521,Faxonius limosus,2014,2014
50.75274,4.65724,Impatiens glandulifera,2021,2021
50.753046,3.977186,Impatiens glandulifera,2020,2020
50.75306,3.96297,Impatiens glandulifera,2018,2018
50.75337,4.63323,Impatiens glandulifera,2021,2021
50.75343,4.67842,Heracleum mantegazzianum,2016,2016
50.75344,4.67842,Heracleum mantegazzianum,2016,2016
50.75345,4.57384,Impatiens glandulifera,2019,2019
50.75348,4.67856,Heracleum mantegazzianum,2020,2020
50.75356,4.66228,Heracleum mantegazzianum,2010,2010
50.75377,4.57338,Impatiens glandulifera,2014,2014
50.75383,4.67836,Heracleum mantegazzianum,2019,2019
50.75386,4.67851,Heracleum mantegazzianum,2020,2020
50.75434,4.6599,Impatiens glandulifera,2010,2010
50.7544,4.66217,Heracleum mantegazzianum,2010,2010
50.75458,4.300098,Heracleum mantegazzianum,2019,2019
50.7546,4.30001,Heracleum mantegazzianum,2017,2017
50.75461,4.30001,Heracleum mantegazzianum,2016,2016
50.75464,4.30006,Heracleum mantegazzianum,2016,2016
50.75524,4.77805,Heracleum mantegazzianum,2020,2020
50.75529,4.57451,Impatiens glandulifera,2018,2018
50.75582,3.95092,Impatiens glandulifera,2020,2020
50.75583,3.93667,Heracleum mantegazzianum,2016,2016
50.75623,4.64533,Impatiens glandulifera,2019,2019
50.75636,4.26173,Impatiens glandulifera,2021,2021
50.75637,4.57447,Impatiens glandulifera,2000,2018
50.75645,4.206,Heracleum mantegazzianum,2004,2004
50.7565,4.24852,Impatiens glandulifera,2002,2002
50.75652,4.27686,Impatiens glandulifera,2013,2013
50.75652,4.57869,Impatiens glandulifera,2018,2018
50.75654,4.3052,Heracleum mantegazzianum,2016,2017
50.75655,4.34772,Heracleum mantegazzianum,2014,2014
50.75753,4.13601,Myriophyllum aquaticum,2008,2008
50.75784,4.57959,Impatiens glandulifera,2018,2018
50.75806,4.58,Impatiens glandulifera,2018,2018
50.75811,4.58102,Impatiens glandulifera,2011,2011
50.75836,4.71013,Impatiens glandulifera,2014,2014
50.75938,4.78737,Impatiens glandulifera,2014,2014
50.75984,4.70835,Heracleum mantegazzianum,2020,2020
50.75994,4.15797,Heracleum mantegazzianum,2021,2021
50.76,4.74812,Heracleum mantegazzianum,2013,2013
50.76,4.74813,Heracleum mantegazzianum,2013,2013
50.76007,4.74805,Heracleum mantegazzianum,2015,2015
50.76007,4.74813,Heracleum mantegazzianum,2019,2019
50.76012,4.74826,Heracleum mantegazzianum,2020,2020
50.76031,4.7478,Heracleum mantegazzianum,2012,2012
50.76032,4.53317,Heracleum mantegazzianum,2010,2010
50.76032,4.74776,Heracleum mantegazzianum,2011,2011
50.76033,4.7143,Impatiens glandulifera,2014,2014
50.7604,4.74789,Heracleum mantegazzianum,2011,2011
50.76043,4.74786,Heracleum mantegazzianum,2019,2019
50.76058,4.70995,Impatiens glandulifera,2014,2014
50.76063,4.71671,Impatiens glandulifera,2014,2014
50.76085,4.64542,Impatiens glandulifera,2018,2018
50.76134,4.58752,Impatiens glandulifera,2018,2018
50.76209,4.59184,Impatiens glandulifera,2018,2018
50.76221,4.64606,Impatiens glandulifera,2009,2009
50.76306,4.64613,Impatiens glandulifera,2013,2013
50.76309,4.38314,Heracleum mantegazzianum,2017,2017
50.763207,4.34086,Impatiens glandulifera,2019,2019
50.76322,4.34147,Impatiens glandulifera,2019,2019
50.76335,4.34178,Impatiens glandulifera,2019,2019
50.763417,4.342499,Impatiens glandulifera,2020,2020
50.7635,4.59445,Impatiens glandulifera,2018,2018
50.76356,4.34239,Impatiens glandulifera,2019,2019
50.76378,4.59443,Impatiens glandulifera,2018,2018
50.76384,3.95263,Heracleum mantegazzianum,2021,2021
50.76389,4.34237,Impatiens glandulifera,2019,2019
50.76393,4.33926,Impatiens glandulifera,2013,2013
50.76438,4.404,Impatiens glandulifera,2014,2014
50.76458,4.27589,Impatiens glandulifera,2015,2015
50.76501,4.74455,Impatiens glandulifera,2008,2008
50.76521,4.64538,Impatiens glandulifera,2018,2018
50.76528,4.61703,Impatiens glandulifera,2018,2018
50.7653,4.64336,Impatiens glandulifera,2019,2019
50.76531,4.60286,Hydrocotyle ranunculoides,2018,2018
50.76531,4.60286,Impatiens glandulifera,2018,2018
50.76534,4.58869,Impatiens glandulifera,2018,2018
50.76534,4.64231,Impatiens glandulifera,2018,2018
50.76537,4.16345,Impatiens glandulifera,2018,2018
50.76539,4.17762,Impatiens glandulifera,2018,2018
50.76542,4.1918,Impatiens glandulifera,2018,2018
50.76545,4.51781,Heracleum mantegazzianum,2009,2009
50.76545,4.51781,Impatiens glandulifera,2009,2009
50.76546,4.6006,Impatiens glandulifera,2018,2018
50.76547,4.50364,Heracleum mantegazzianum,2009,2010
50.76547,4.50364,Impatiens glandulifera,2009,2010
50.76549,4.2485,Impatiens glandulifera,2010,2010
50.76549,4.47529,Elodea nuttallii,2004,2004
50.76549,4.47529,Impatiens glandulifera,2004,2004
50.765492,4.603882,Impatiens glandulifera,2020,2020
50.7655,4.26267,Impatiens glandulifera,2011,2011
50.76551,4.27684,Impatiens glandulifera,2007,2007
50.76551,4.46111,Heracleum mantegazzianum,2017,2017
50.76552,4.29102,Impatiens glandulifera,2013,2013
50.76552,4.44694,Impatiens glandulifera,2014,2014
50.76553,4.30519,Impatiens glandulifera,2004,2004
50.76553,4.43276,Impatiens glandulifera,2011,2011
50.76554,4.33354,Heracleum mantegazzianum,2003,2014
50.76554,4.34772,Impatiens glandulifera,2008,2008
50.76554,4.39024,Impatiens glandulifera,2003,2003
50.76555,4.37607,Impatiens glandulifera,2003,2003
50.76591,4.46044,Heracleum mantegazzianum,2014,2014
50.76603,4.60375,Impatiens glandulifera,2021,2021
50.76612,4.43724,Impatiens glandulifera,2015,2015
50.76662,4.64134,Impatiens glandulifera,2018,2018
50.76663,4.33441,Heracleum mantegazzianum,2009,2009
50.76665,4.43456,Impatiens glandulifera,2011,2011
50.76668,4.64114,Impatiens glandulifera,2018,2018
50.767014,4.345543,Impatiens glandulifera,2019,2019
50.76731,4.65152,Impatiens glandulifera,2016,2016
50.76734,4.60361,Impatiens glandulifera,2020,2020
50.767532,4.353756,Heracleum mantegazzianum,2020,2020
50.76754,4.35371,Heracleum mantegazzianum,2021,2021
50.76757,4.50584,Impatiens glandulifera,2014,2014
50.76758,4.63993,Impatiens glandulifera,2018,2018
50.76769,4.40249,Impatiens glandulifera,2020,2020
50.767775,4.433522,Impatiens glandulifera,2021,2021
50.7679,4.35338,Heracleum mantegazzianum,2017,2017
50.767928,4.631411,Impatiens glandulifera,2019,2019
50.76801,4.447546,Impatiens glandulifera,2019,2019
50.76803,4.63534,Impatiens glandulifera,2021,2021
50.76806,4.63135,Impatiens glandulifera,2016,2016
50.76809,4.17978,Impatiens glandulifera,2021,2021
50.76821,4.17974,Impatiens glandulifera,2021,2021
50.76821,4.43481,Impatiens glandulifera,2013,2013
50.76825,4.17957,Impatiens glandulifera,2021,2021
50.768311,4.179553,Impatiens glandulifera,2018,2018
50.76833,4.18323,Impatiens glandulifera,2018,2018
50.76835,4.17959,Impatiens glandulifera,2021,2021
50.768428,4.630667,Impatiens glandulifera,2018,2018
50.76858,4.50943,Heracleum mantegazzianum,2016,2016
50.76859,4.50934,Impatiens glandulifera,2017,2017
50.76868,4.52032,Heracleum mantegazzianum,2009,2009
50.76874,4.52231,Impatiens glandulifera,2011,2011
50.76886,4.50976,Heracleum mantegazzianum,2017,2017
50.76889,4.16464,Heracleum mantegazzianum,2020,2020
50.76892,4.43158,Impatiens glandulifera,2020,2020
50.76898,4.33242,Faxonius limosus,2010,2010
50.76905,4.16386,Impatiens glandulifera,2018,2018
50.76909,4.1886,Impatiens glandulifera,2018,2018
50.76916,4.50906,Impatiens glandulifera,2020,2020
50.76917,4.394,Impatiens glandulifera,2016,2016
50.76918,4.51592,Heracleum mantegazzianum,2009,2009
50.76918,4.60871,Heracleum mantegazzianum,2017,2017
50.76926,4.61018,Impatiens glandulifera,2018,2018
50.76929,4.44452,Impatiens glandulifera,2012,2012
50.76948,4.17988,Impatiens glandulifera,2020,2020
50.76949,4.17986,Impatiens glandulifera,2021,2021
50.769497,4.446834,Impatiens glandulifera,2020,2020
50.76954,4.45068,Impatiens glandulifera,2012,2012
50.76954,4.51299,Heracleum mantegazzianum,2021,2021
50.76957,4.1914,Impatiens glandulifera,2018,2018
50.76968,4.44692,Impatiens glandulifera,2021,2021
50.769989,4.001391,Impatiens glandulifera,2020,2020
50.77002,4.64333,Impatiens glandulifera,2021,2021
50.77006,4.60823,Impatiens glandulifera,2018,2018
50.77008,4.61118,Impatiens glandulifera,2018,2018
50.77031,4.61089,Impatiens glandulifera,2018,2018
50.77033,4.61071,Impatiens glandulifera,2018,2018
50.77034,4.61026,Impatiens glandulifera,2020,2020
50.77039,4.50407,Impatiens glandulifera,2020,2020
50.77039,4.61118,Impatiens glandulifera,2018,2018
50.770394,4.610686,Impatiens glandulifera,2020,2020
50.77042,4.61178,Impatiens glandulifera,2018,2018
50.77045,4.60829,Impatiens glandulifera,2018,2018
50.77049,4.5421,Impatiens glandulifera,2021,2021
50.77055,4.43677,Impatiens glandulifera,2020,2020
50.77065,4.44926,Impatiens glandulifera,2012,2012
50.77068,4.16413,Impatiens glandulifera,2018,2018
50.77070906025356,4.531198828907239,Elodea nuttallii,2014,2014
50.77081,4.61211,Impatiens glandulifera,2018,2018
50.77099,4.60912,Impatiens glandulifera,2018,2018
50.77105,4.45192,Impatiens glandulifera,2014,2014
50.77115,4.60877,Impatiens glandulifera,2018,2018
50.7712,4.16264,Impatiens glandulifera,2018,2018
50.77127,4.45284,Heracleum mantegazzianum,2010,2010
50.77135,4.60861,Impatiens glandulifera,2018,2018
50.77149,3.92771,Impatiens glandulifera,2021,2021
50.77151,4.61289,Impatiens glandulifera,2018,2018
50.77159,4.60899,Impatiens glandulifera,2018,2018
50.7716,4.60863,Impatiens glandulifera,2018,2018
50.7716,4.61275,Impatiens glandulifera,2018,2018
50.77169,4.61154,Impatiens glandulifera,2018,2018
50.77179,4.60986,Impatiens glandulifera,2018,2018
50.77181,4.53908,Heracleum mantegazzianum,2012,2012
50.77183,4.73645,Heracleum mantegazzianum,2011,2011
50.77183,4.73651,Heracleum mantegazzianum,2014,2014
50.77185,4.73647,Heracleum mantegazzianum,2015,2015
50.77186,4.73646,Heracleum mantegazzianum,2010,2010
50.77193,4.61393,Impatiens glandulifera,2018,2018
50.77212,4.7368,Heracleum mantegazzianum,2016,2016
50.77214,4.614,Impatiens glandulifera,2018,2018
50.77235,4.61114,Impatiens glandulifera,2018,2018
50.77241,4.74094,Heracleum mantegazzianum,2015,2015
50.77253,4.73597,Heracleum mantegazzianum,2013,2013
50.77254,4.73598,Heracleum mantegazzianum,2013,2013
50.77255,4.64718,Heracleum mantegazzianum,2011,2011
50.77259,4.61378,Impatiens glandulifera,2021,2021
50.77267,4.61363,Impatiens glandulifera,2021,2021
50.7727,4.73983,Heracleum mantegazzianum,2021,2021
50.77272,4.61361,Impatiens glandulifera,2018,2018
50.77278,4.54278,Heracleum mantegazzianum,2021,2021
50.77287,4.73888,Heracleum mantegazzianum,2014,2014
50.77292,4.73937,Heracleum mantegazzianum,2017,2017
50.77329,4.73801,Heracleum mantegazzianum,2015,2015
50.77343,4.303317,Impatiens glandulifera,2020,2020
50.77348,4.303351,Impatiens glandulifera,2020,2020
50.77359,3.89405,Heracleum mantegazzianum,2000,2000
50.7737,4.63758,Impatiens glandulifera,2007,2007
50.77394,4.30398,Impatiens glandulifera,2021,2021
50.77399,4.00746,Impatiens glandulifera,2011,2011
50.77405,4.73045,Heracleum mantegazzianum,2010,2010
50.774067,4.303241,Impatiens glandulifera,2020,2020
50.77413,4.30432,Impatiens glandulifera,2021,2021
50.77415,4.06417,Impatiens glandulifera,2010,2010
50.77426,4.64707,Impatiens glandulifera,2020,2020
50.77427,4.61708,Impatiens glandulifera,2018,2018
50.7743,4.6029,Impatiens glandulifera,2018,2019
50.77434,4.14923,Impatiens glandulifera,2004,2004
50.77436,4.16341,Impatiens glandulifera,2004,2018
50.77443,4.20594,Impatiens glandulifera,2018,2018
50.77451,4.44695,Heracleum mantegazzianum,2000,2017
50.77451,4.44695,Impatiens glandulifera,2000,2000
50.77452,4.30518,Impatiens glandulifera,2001,2010
50.77453,4.33354,Heracleum mantegazzianum,2005,2005
50.77453,4.34771,Impatiens glandulifera,2005,2005
50.77453,4.39024,Impatiens glandulifera,2003,2003
50.77453,4.40442,Impatiens glandulifera,2004,2004
50.77454,4.37607,Heracleum mantegazzianum,2004,2004
50.77532,4.47132,Heracleum mantegazzianum,2012,2012
50.77563,4.6158,Impatiens glandulifera,2019,2019
50.77572,4.74406,Pacifastacus leniusculus,2019,2019
50.77589,4.63741,Impatiens glandulifera,2021,2021
50.77632,4.73533,Heracleum mantegazzianum,2013,2013
50.77638,4.7353,Heracleum mantegazzianum,2014,2014
50.77644,4.73511,Heracleum mantegazzianum,2013,2013
50.77646,4.73527,Heracleum mantegazzianum,2011,2011
50.77649,4.64676,Impatiens glandulifera,2020,2020
50.77652,4.73522,Heracleum mantegazzianum,2010,2010
50.77655,4.64769,Impatiens glandulifera,2010,2010
50.77656,4.64766,Impatiens glandulifera,2017,2017
50.77669,4.73434,Heracleum mantegazzianum,2017,2017
50.7767,4.74501,Heracleum mantegazzianum,2016,2016
50.77673,4.73444,Heracleum mantegazzianum,2011,2011
50.77673,4.74787,Heracleum mantegazzianum,2016,2016
50.77681,4.74962,Heracleum mantegazzianum,2015,2015
50.776811,4.407648,Impatiens glandulifera,2016,2016
50.77725,4.65103,Impatiens glandulifera,2021,2021
50.77761,4.63986,Impatiens glandulifera,2020,2020
50.77775,4.73378,Heracleum mantegazzianum,2014,2014
50.77778,4.73358,Heracleum mantegazzianum,2017,2017
50.77778,4.73611,Heracleum mantegazzianum,2014,2014
50.77778,4.73618,Heracleum mantegazzianum,2013,2013
50.7779,4.73399,Heracleum mantegazzianum,2013,2013
50.77792,4.73625,Heracleum mantegazzianum,2014,2014
50.77829,4.73354,Heracleum mantegazzianum,2017,2017
50.77844,4.73346,Heracleum mantegazzianum,2009,2009
50.77847,4.73355,Heracleum mantegazzianum,2011,2011
50.77849,4.63973,Impatiens glandulifera,2016,2016
50.77854,4.3173,Faxonius limosus,2019,2019
50.77857,4.64672,Impatiens glandulifera,2020,2020
50.77857,4.73418,Heracleum mantegazzianum,2015,2015
50.77859,4.22236,Impatiens glandulifera,2015,2015
50.7786,4.62207,Impatiens glandulifera,2019,2019
50.77864,4.73371,Heracleum mantegazzianum,2013,2013
50.77865,3.99379,Impatiens glandulifera,2021,2021
50.77878,4.15149,Heracleum mantegazzianum,2021,2021
50.77886,4.33186,Heracleum mantegazzianum,2021,2021
50.77889,4.77095,Heracleum mantegazzianum,2021,2021
50.77913,4.73565,Heracleum mantegazzianum,2013,2013
50.77951,4.73578,Heracleum mantegazzianum,2015,2015
50.77961,4.55577,Impatiens glandulifera,2021,2021
50.77973,4.5558,Impatiens glandulifera,2015,2015
50.77995,4.55748,Impatiens glandulifera,2021,2021
50.78009,4.64984,Hydrocotyle ranunculoides,2014,2014
50.78022,4.73631,Heracleum mantegazzianum,2016,2016
50.78025,4.557083,Impatiens glandulifera,2019,2019
50.78069,4.14572,Impatiens glandulifera,2020,2020
50.78075,4.55837,Impatiens glandulifera,2015,2015
50.78078,4.70387,Impatiens glandulifera,2015,2015
50.78088,4.6242,Impatiens glandulifera,2019,2019
50.78092,4.70387,Heracleum mantegazzianum,2016,2016
50.78092,4.73664,Impatiens glandulifera,2013,2013
50.78101,4.73205,Procambarus clarkii,2020,2020
50.78114,4.70404,Heracleum mantegazzianum,2010,2010
50.78119,4.71256,Impatiens glandulifera,2010,2010
50.781219,4.624352,Impatiens glandulifera,2019,2019
50.78135,4.5566,Heracleum mantegazzianum,2015,2015
50.78139,4.62421,Impatiens glandulifera,2021,2021
50.78141,4.62414,Impatiens glandulifera,2021,2021
50.78143,4.73037,Impatiens glandulifera,2014,2014
50.78146,4.72994,Impatiens glandulifera,2012,2012
50.78178,4.62349,Impatiens glandulifera,2016,2016
50.78186,4.68931,Heracleum mantegazzianum,2016,2016
50.782277,4.637802,Impatiens glandulifera,2020,2020
50.78246,4.42129,Heracleum mantegazzianum,2012,2012
50.78254,4.63807,Impatiens glandulifera,2020,2020
50.78271,4.63755,Impatiens glandulifera,2018,2018
50.78283,4.71571,Impatiens glandulifera,2017,2017
50.78285,4.24112,Impatiens glandulifera,2019,2019
50.78288,4.63776,Impatiens glandulifera,2021,2021
50.78293,3.99322,Impatiens glandulifera,2002,2002
50.782989,4.497808,Heracleum mantegazzianum,2019,2019
50.783,4.68203,Impatiens glandulifera,2014,2014
50.783,4.68205,Impatiens glandulifera,2010,2010
50.783025,4.637675,Impatiens glandulifera,2018,2018
50.78304,4.73052,Impatiens glandulifera,2010,2010
50.78305,4.70955,Heracleum mantegazzianum,2016,2016
50.7832,4.71815,Impatiens glandulifera,2015,2015
50.78323,4.63131,Impatiens glandulifera,2018,2018
50.78332,4.14919,Impatiens glandulifera,2004,2004
50.78334,4.57459,Heracleum mantegazzianum,2018,2019
50.78334,4.57459,Impatiens glandulifera,2019,2019
50.7834,4.19173,Impatiens glandulifera,2012,2012
50.78342,4.20591,Impatiens glandulifera,2006,2006
50.78345,4.23427,Impatiens glandulifera,2004,2009
50.78347,4.24845,Impatiens glandulifera,2004,2004
50.78347,4.62557,Impatiens glandulifera,2019,2019
50.78351,4.30517,Impatiens glandulifera,2008,2008
50.78352,4.33353,Heracleum mantegazzianum,2005,2013
50.78352,4.34771,Heracleum mantegazzianum,2005,2005
50.78352,4.34771,Impatiens glandulifera,2005,2005
50.78352,4.37607,Heracleum mantegazzianum,2004,2004
50.78353,4.36189,Heracleum mantegazzianum,2004,2004
50.78387,4.62527,Impatiens glandulifera,2021,2021
50.783889,4.197778,Impatiens glandulifera,2020,2020
50.78393,4.62546,Impatiens glandulifera,2020,2020
50.78393,4.62547,Impatiens glandulifera,2021,2021
50.78396,4.69176,Heracleum mantegazzianum,2010,2010
50.78405,4.198404,Impatiens glandulifera,2019,2019
50.78412,4.74314,Procambarus clarkii,2020,2020
50.784147,4.197806,Impatiens glandulifera,2019,2019
50.784178,4.197732,Impatiens glandulifera,2019,2019
50.78418,4.62634,Impatiens glandulifera,2020,2020
50.784241,4.197782,Impatiens glandulifera,2020,2020
50.78441,4.62594,Impatiens glandulifera,2016,2016
50.78447,4.62594,Impatiens glandulifera,2021,2021
50.78461,4.56816,Heracleum mantegazzianum,2019,2019
50.78462,4.19773,Impatiens glandulifera,2021,2021
50.78466,4.1473,Elodea nuttallii,2021,2021
50.78469,4.69495,Heracleum mantegazzianum,2015,2015
50.7847,4.62604,Impatiens glandulifera,2019,2019
50.78487,4.56759,Impatiens glandulifera,2021,2021
50.78494,4.56785,Impatiens glandulifera,2021,2021
50.78496,4.56785,Heracleum mantegazzianum,2018,2018
50.78512,4.72159,Impatiens glandulifera,2015,2015
50.78522,4.62489,Impatiens glandulifera,2019,2019
50.78523,4.72202,Impatiens glandulifera,2015,2015
50.78529,4.62406,Impatiens glandulifera,2019,2019
50.7854,4.35749,Heracleum mantegazzianum,2015,2015
50.785496,4.371305,Impatiens glandulifera,2019,2019
50.78621,4.45513,Heracleum mantegazzianum,2013,2013
50.78648,4.50722,Myriophyllum aquaticum,2020,2020
50.78673,4.62866,Impatiens glandulifera,2018,2018
50.78692,4.74396,Procambarus clarkii,2020,2020
50.78733,4.64653,Hydrocotyle ranunculoides,2014,2014
50.78734,4.57408,Heracleum mantegazzianum,2018,2018
50.78734,4.63008,Impatiens glandulifera,2020,2020
50.78737,4.74377,Procambarus clarkii,2020,2020
50.78738527273143,4.6300874997999,Impatiens glandulifera,2016,2020
50.78747,4.57441,Heracleum mantegazzianum,2018,2018
50.78752,4.630463,Impatiens glandulifera,2018,2018
50.78754,3.98801,Impatiens glandulifera,2021,2021
50.78759,4.57506,Heracleum mantegazzianum,2018,2018
50.78763,4.74366,Procambarus clarkii,2020,2020
50.78764,4.57491,Heracleum mantegazzianum,2018,2018
50.78764,4.5753,Heracleum mantegazzianum,2018,2018
50.78767,4.68092,Impatiens glandulifera,2016,2016
50.78772,4.57407,Heracleum mantegazzianum,2010,2010
50.78773,4.58337,Impatiens glandulifera,2021,2021
50.78782,4.256589,Impatiens glandulifera,2019,2019
50.78786,4.74339,Procambarus clarkii,2020,2020
50.788,4.35482,Heracleum mantegazzianum,2015,2015
50.78807,4.58722,Impatiens glandulifera,2018,2018
50.78814,4.35476,Heracleum mantegazzianum,2011,2011
50.788658173897765,4.578387392588234,Impatiens glandulifera,2017,2017
50.78868,4.57936,Heracleum mantegazzianum,2010,2010
50.78888,4.31292,Impatiens glandulifera,2015,2015
50.78898,4.69191,Heracleum mantegazzianum,2011,2011
50.789,4.67222,Myriophyllum aquaticum,2018,2018
50.78917,4.46333,Heracleum mantegazzianum,2017,2017
50.78987,4.5012,Impatiens glandulifera,2020,2020
50.78989,4.63241,Impatiens glandulifera,2018,2018
50.790234,4.593644,Impatiens glandulifera,2019,2019
50.79025,4.59343,Heracleum mantegazzianum,2017,2017
50.79041,4.6437,Impatiens glandulifera,2009,2009
50.7905970798789,4.64710324761887,Hydrocotyle ranunculoides,2016,2016
50.79094,4.26211,Impatiens glandulifera,2014,2014
50.79119,4.63917,Impatiens glandulifera,2019,2019
50.79123,4.66492,Heracleum mantegazzianum,2018,2018
50.79125,4.45881,Heracleum mantegazzianum,2017,2017
50.79127557702829,4.305695515952523,Impatiens glandulifera,2016,2016
50.7916,4.6388,Impatiens glandulifera,2019,2019
50.79163,4.40277,Heracleum mantegazzianum,2012,2012
50.7916563848648,4.64604897177512,Hydrocotyle ranunculoides,2016,2016
50.79169,4.63933,Impatiens glandulifera,2021,2021
50.7917,4.2637,Impatiens glandulifera,2015,2015
50.7917113701529,4.63901672223309,Hydrocotyle ranunculoides,2016,2016
50.7919,4.26566,Impatiens glandulifera,2020,2020
50.79211,4.67391,Heracleum mantegazzianum,2002,2002
50.79215,4.41921,Impatiens glandulifera,2014,2014
50.79218,4.64554,Impatiens glandulifera,2018,2018
50.79222,4.63136,Impatiens glandulifera,2018,2018
50.792230000000004,4.63945,Heracleum mantegazzianum,2014,2014
50.79225,4.61718,Impatiens glandulifera,2002,2002
50.79229,4.6374,Impatiens glandulifera,2019,2019
50.7923,4.58881,Impatiens glandulifera,2018,2018
50.792379,4.419832,Impatiens glandulifera,2018,2018
50.79241,4.419621,Impatiens glandulifera,2019,2019
50.79245,4.26566,Impatiens glandulifera,2018,2018
50.792465070931,4.64525788770663,Hydrocotyle ranunculoides,2016,2016
50.79247,4.26261,Impatiens glandulifera,2012,2020
50.7925,4.41862,Elodea nuttallii,2005,2005
50.7925,4.41862,Heracleum mantegazzianum,2004,2004
50.7925,4.4328,Impatiens glandulifera,2003,2004
50.7925,4.66104,Impatiens glandulifera,2014,2014
50.79251,4.33352,Impatiens glandulifera,2003,2003
50.79251,4.34771,Heracleum mantegazzianum,2004,2004
50.79251,4.36189,Heracleum mantegazzianum,2003,2010
50.79251,4.36189,Impatiens glandulifera,2010,2010
50.79251,4.39025,Impatiens glandulifera,2003,2003
50.79251,4.40444,Heracleum mantegazzianum,2000,2005
50.79251,4.40444,Impatiens glandulifera,2004,2004
50.79258,4.31928,Impatiens glandulifera,2001,2001
50.79266,4.41891,Impatiens glandulifera,2015,2015
50.79274,4.29433,Faxonius limosus,2002,2003
50.7928,4.63077,Impatiens glandulifera,2018,2018
50.79301,4.65957,Impatiens glandulifera,2017,2017
50.7935151558229,4.64423261324959,Hydrocotyle ranunculoides,2016,2016
50.793572320406,4.64408023024083,Hydrocotyle ranunculoides,2016,2016
50.793583887433,4.64416572565827,Hydrocotyle ranunculoides,2016,2016
50.7936801116872,4.64433084916061,Hydrocotyle ranunculoides,2016,2016
50.79389,4.46028,Heracleum mantegazzianum,2017,2017
50.79427,4.63267,Impatiens glandulifera,2021,2021
50.79451,4.64091,Impatiens glandulifera,2018,2018
50.79463,4.40736,Impatiens glandulifera,2012,2012
50.79463,4.63282,Impatiens glandulifera,2018,2018
50.79504,4.30331,Impatiens glandulifera,2021,2021
50.79534,4.64102,Impatiens glandulifera,2019,2019
50.7955,4.30359,Impatiens glandulifera,2015,2015
50.7958,4.602447,Impatiens glandulifera,2020,2020
50.796338,4.642825,Impatiens glandulifera,2019,2019
50.79636,4.6427,Impatiens glandulifera,2019,2019
50.79643,4.65069,Impatiens glandulifera,2020,2020
50.796433,4.642746,Impatiens glandulifera,2019,2019
50.7966,4.48538,Impatiens glandulifera,2009,2009
50.7966,4.60251,Impatiens glandulifera,2013,2013
50.79672,4.642625,Impatiens glandulifera,2019,2019
50.79682,4.7122,Heracleum mantegazzianum,2015,2015
50.79685,4.65154,Impatiens glandulifera,2020,2020
50.79692,4.6428,Impatiens glandulifera,2013,2013
50.7972907005126,4.6428990523755,Hydrocotyle ranunculoides,2019,2019
50.7973488709241,4.64296593996679,Hydrocotyle ranunculoides,2019,2019
50.79736,4.48448,Impatiens glandulifera,2008,2008
50.7974611884332,4.64310055333976,Hydrocotyle ranunculoides,2019,2019
50.7975,4.485,Impatiens glandulifera,2019,2019
50.79754,4.48506,Impatiens glandulifera,2021,2021
50.7976,4.485,Impatiens glandulifera,2018,2018
50.79768,4.64118,Impatiens glandulifera,2018,2018
50.79798,4.64176,Impatiens glandulifera,2018,2018
50.79801,4.60265,Impatiens glandulifera,2021,2021
50.79817,4.60223,Impatiens glandulifera,2018,2018
50.79819,4.64554,Hydrocotyle ranunculoides,2015,2015
50.7985,4.6415,Impatiens glandulifera,2018,2018
50.79851,4.63338,Impatiens glandulifera,2019,2019
50.79859,4.60248,Heracleum mantegazzianum,2018,2018
50.79881,4.14718,Impatiens glandulifera,2020,2020
50.79934,4.60327,Impatiens glandulifera,2018,2018
50.79938,4.48482,Impatiens glandulifera,2021,2021
50.79942,4.484986,Impatiens glandulifera,2020,2020
50.79946,4.64161,Impatiens glandulifera,2018,2018
50.79948,4.64158,Heracleum mantegazzianum,2018,2018
50.79954,4.48487,Impatiens glandulifera,2021,2021
50.79954,4.48491,Impatiens glandulifera,2021,2021
50.799561,4.484869,Impatiens glandulifera,2020,2020
50.79959,4.48486,Impatiens glandulifera,2021,2021
50.79963,4.64326,Impatiens glandulifera,2020,2020
50.79974,4.18228,Impatiens glandulifera,2021,2021
50.79975,4.48496,Impatiens glandulifera,2012,2012
50.799757,4.603533,Impatiens glandulifera,2019,2019
50.79984,4.15661,Impatiens glandulifera,2020,2020
50.79993,4.60329,Impatiens glandulifera,2014,2014
50.800019,4.603478,Impatiens glandulifera,2019,2019
50.80002,4.64386,Impatiens glandulifera,2020,2020
50.80004,4.15251,Impatiens glandulifera,2020,2020
50.80017,4.64358,Impatiens glandulifera,2020,2020
50.80022,4.64361,Impatiens glandulifera,2020,2020
50.80024,4.64381,Impatiens glandulifera,2020,2020
50.80025,4.60318,Heracleum mantegazzianum,2017,2017
50.8004,4.60315,Impatiens glandulifera,2018,2018
50.800457,4.603005,Impatiens glandulifera,2019,2019
50.800586,4.60301,Impatiens glandulifera,2019,2019
50.80061,4.15883,Impatiens glandulifera,2021,2021
50.80082,4.60299,Impatiens glandulifera,2017,2017
50.8009,4.60303,Impatiens glandulifera,2021,2021
50.801068,4.602021,Impatiens glandulifera,2018,2018
50.80113,4.60328,Heracleum mantegazzianum,2018,2018
50.80117,4.64559,Heracleum mantegazzianum,2018,2018
50.80117,4.64559,Impatiens glandulifera,2018,2018
50.80124,4.16579,Impatiens glandulifera,2020,2020
50.80127,4.60304,Elodea nuttallii,2004,2004
50.80127,4.60304,Heracleum mantegazzianum,2002,2018
50.80127,4.60304,Impatiens glandulifera,2018,2018
50.80139,4.20585,Impatiens glandulifera,2011,2011
50.80144,4.48956,Impatiens glandulifera,2018,2018
50.80147,4.46118,Heracleum mantegazzianum,2003,2003
50.80148,4.447,Impatiens glandulifera,2004,2004
50.80149,4.30515,Heracleum mantegazzianum,2005,2005
50.8015,4.33352,Heracleum mantegazzianum,2004,2004
50.8015,4.3477,Heracleum mantegazzianum,2003,2003
50.8015,4.36189,Heracleum mantegazzianum,2005,2005
50.8015,4.39026,Heracleum mantegazzianum,2005,2005
50.8015,4.40444,Heracleum mantegazzianum,2004,2004
50.80189843021955,4.286360346253108,Impatiens glandulifera,2016,2016
50.801944,4.644722,Impatiens glandulifera,2020,2020
50.802137,4.161982,Impatiens glandulifera,2020,2020
50.80251,4.14398,Heracleum mantegazzianum,2021,2021
50.80263,4.6423,Impatiens glandulifera,2011,2011
50.80277,4.53255,Impatiens glandulifera,2021,2021
50.803055,4.65524,Impatiens glandulifera,2020,2020
50.80307070143048,4.642559454081561,Impatiens glandulifera,2016,2016
50.80324,4.69011,Heracleum mantegazzianum,2020,2020
50.80325,4.68997,Heracleum mantegazzianum,2020,2020
50.80326,4.68982,Heracleum mantegazzianum,2020,2020
50.80335,4.68996,Heracleum mantegazzianum,2012,2012
50.80337,4.68998,Heracleum mantegazzianum,2019,2019
50.80339,4.69,Heracleum mantegazzianum,2019,2019
50.80441,4.22851,Impatiens glandulifera,2021,2021
50.80443,4.68958,Heracleum mantegazzianum,2014,2014
50.80532,4.34735,Heracleum mantegazzianum,2013,2013
50.80536,4.3701,Heracleum mantegazzianum,2016,2016
50.805763,4.34935,Heracleum mantegazzianum,2021,2021
50.80598,4.53262,Impatiens glandulifera,2020,2020
50.80611,4.53253,Impatiens glandulifera,2021,2021
50.80616,4.53265,Impatiens glandulifera,2021,2021
50.80623,4.53261,Impatiens glandulifera,2021,2021
50.806263,4.349024,Heracleum mantegazzianum,2021,2021
50.80636,4.60899,Impatiens glandulifera,2019,2019
50.80648,4.53303,Impatiens glandulifera,2021,2021
50.80671,4.64211,Impatiens glandulifera,2018,2018
50.806873,4.610013,Impatiens glandulifera,2020,2020
50.8071,4.6108,Impatiens glandulifera,2021,2021
50.80714,4.64129,Impatiens glandulifera,2009,2009
50.80737,4.28284,Impatiens glandulifera,2020,2020
50.80814,4.28386,Impatiens glandulifera,2009,2009
50.80823,4.29692,Faxonius limosus,2003,2004
50.80825,4.64527,Impatiens glandulifera,2014,2014
50.808388,4.277299,Impatiens glandulifera,2019,2019
50.80854,4.64782,Impatiens glandulifera,2018,2018
50.8086,4.28352,Heracleum mantegazzianum,2013,2013
50.8089,4.63428,Impatiens glandulifera,2019,2019
50.80925,4.29777,Faxonius limosus,2002,2002
50.80931,4.61403,Impatiens glandulifera,2021,2021
50.80953,4.27637,Impatiens glandulifera,2020,2020
50.80967,4.27645,Impatiens glandulifera,2018,2018
50.81006,4.61758,Impatiens glandulifera,2019,2019
50.81016,4.64565,Elodea nuttallii,2018,2018
50.81016,4.64565,Impatiens glandulifera,2018,2018
50.81032,4.16325,Heracleum mantegazzianum,2004,2004
50.81043,4.15989,Heracleum mantegazzianum,2021,2021
50.81045,4.26257,Impatiens glandulifera,2004,2004
50.81046,4.27676,Impatiens glandulifera,2020,2020
50.81047,4.29095,Impatiens glandulifera,2006,2012
50.81047,4.43282,Impatiens glandulifera,2005,2005
50.81047,4.44701,Heracleum mantegazzianum,2003,2004
50.81048,4.31932,Heracleum mantegazzianum,2004,2004
50.81048,4.31932,Impatiens glandulifera,2004,2004
50.81048,4.41864,Heracleum mantegazzianum,2001,2001
50.81049,4.3477,Heracleum mantegazzianum,2004,2004
50.81049,4.36189,Heracleum mantegazzianum,2003,2003
50.81049,4.37608,Heracleum mantegazzianum,2004,2004
50.81049,4.39026,Heracleum mantegazzianum,2004,2004
50.81049,4.40445,Heracleum mantegazzianum,2004,2004
50.81049,4.40445,Impatiens glandulifera,2004,2004
50.81055,4.61548,Heracleum mantegazzianum,2019,2019
50.81055,4.61623,Impatiens glandulifera,2011,2011
50.81056,4.61543,Heracleum mantegazzianum,2019,2019
50.81059,4.61637,Impatiens glandulifera,2011,2011
50.81063,4.61696,Impatiens glandulifera,2019,2019
50.8107,4.27587,Impatiens glandulifera,2020,2020
50.81073,4.64668,Impatiens glandulifera,2018,2018
50.81081,4.61498,Heracleum mantegazzianum,2014,2014
50.81098,4.64514,Impatiens glandulifera,2018,2018
